oneid,choice,profit,ave_other,size,whichgroup,round,rematching,time,lag_ave_other,ave_profit,cum_mean_others
6884,65,2575,55,3,0,3,not,2020-11-26T18:37:33Z,65,4792.944444444444,65
6884,55,3175,60,3,0,4,not,2020-11-26T18:39:33Z,55,4792.944444444444,60
6884,60,4650,65,3,0,5,not,2020-11-26T18:41:29Z,60,4792.944444444444,60
6884,60,2250,55,3,0,6,not,2020-11-26T18:43:25Z,65,4792.944444444444,61.25
6884,60,5700,70,3,0,7,not,2020-11-26T18:45:28Z,55,4792.944444444444,60
6884,65,5487,68,3,0,8,not,2020-11-26T18:47:37Z,70,4792.944444444444,61.666666666666664
6884,65,5683,69,3,0,9,not,2020-11-26T18:49:43Z,68,4792.944444444444,62.57142857142857
6884,65,3307,58,3,0,10,not,2020-11-26T18:51:34Z,69,4792.944444444444,63.375
6884,65,3775,60,3,0,11,not,2020-11-26T18:53:29Z,58,4792.944444444444,62.77777777777778
6884,65,4875,65,3,0,12,not,2020-11-26T18:55:26Z,60,4792.944444444444,62.5
6884,65,5779.5,69.5,3,0,13,not,2020-11-26T18:57:21Z,65,4792.944444444444,62.72727272727273
6884,65,3775,60,3,0,14,not,2020-11-26T18:59:26Z,69.5,4792.944444444444,63.291666666666664
6884,65,5875,70,3,0,15,not,2020-11-26T19:01:22Z,60,4792.944444444444,63.03846153846154
6884,65,4875,65,3,0,16,not,2020-11-26T19:03:23Z,70,4792.944444444444,63.535714285714285
6884,65,6515.5,73.5,3,0,17,not,2020-11-26T19:05:21Z,65,4792.944444444444,63.63333333333333
6884,65,5585.5,68.5,3,0,18,not,2020-11-26T19:07:29Z,73.5,4792.944444444444,64.25
6884,65,5875,70,3,0,19,not,2020-11-26T19:09:24Z,68.5,4792.944444444444,64.5
6884,65,6515.5,73.5,3,0,20,not,2020-11-26T19:11:36Z,70,4792.944444444444,64.80555555555556
7434,80,3028,54,3,1,3,randomly,2020-11-26T18:37:27Z,69,4291.123263888889,69
7434,55,5155.5,68.5,3,1,4,randomly,2020-11-26T18:39:49Z,54,4291.123263888889,61.5
7434,60,7172,78,3,4,5,randomly,2020-11-26T18:41:32Z,68.5,4291.123263888889,63.833333333333336
7434,70,6000,70,3,4,6,randomly,2020-11-26T18:43:32Z,78,4291.123263888889,67.375
7434,70,3322,57,3,3,7,randomly,2020-11-26T18:45:38Z,70,4291.123263888889,67.9
7434,60,5498,69,3,3,8,randomly,2020-11-26T18:47:43Z,57,4291.123263888889,66.08333333333333
7434,65,5083,66,3,4,9,randomly,2020-11-26T18:50:04Z,69,4291.123263888889,66.5
7434,70,6458.71875,72.625,3,1,10,randomly,2020-11-26T18:52:00Z,66,4291.123263888889,66.4375
7434,75,2487.5,52.5,3,0,11,randomly,2020-11-26T18:53:31Z,72.625,4291.123263888889,67.125
7434,52,923.5,52.5,3,3,12,randomly,2020-11-26T18:55:36Z,52.5,4291.123263888889,65.6625
7434,50,7200,80,3,1,13,randomly,2020-11-26T18:57:33Z,52.5,4291.123263888889,64.4659090909091
7434,60,2887.5,57.5,3,2,14,randomly,2020-11-26T18:59:38Z,80,4291.123263888889,65.76041666666667
7434,58,5093.5,67.5,3,3,15,randomly,2020-11-26T19:01:33Z,57.5,4291.123263888889,65.125
7434,60,5700,70,3,2,16,randomly,2020-11-26T19:03:32Z,67.5,4291.123263888889,65.29464285714286
7434,65,1275,50,3,2,17,randomly,2020-11-26T19:05:46Z,70,4291.123263888889,65.60833333333333
7434,65,2575,55,3,2,18,randomly,2020-11-26T19:07:41Z,50,4291.123263888889,64.6328125
7434,62,4193.5,62.5,3,3,19,randomly,2020-11-26T19:09:24Z,55,4291.123263888889,64.06617647058823
7434,65,3187.5,57.5,3,1,20,randomly,2020-11-26T19:11:28Z,62.5,4291.123263888889,63.979166666666664
9843,50,3437.5,62.5,3,0,3,not,2020-11-26T18:37:18Z,70,4264.361111111111,70
9843,60,2887.5,57.5,3,0,4,not,2020-11-26T18:39:27Z,62.5,4264.361111111111,66.25
9843,70,4000,60,3,0,5,not,2020-11-26T18:41:35Z,57.5,4264.361111111111,63.333333333333336
9843,50,2800,60,3,0,6,not,2020-11-26T18:43:23Z,60,4264.361111111111,62.5
9843,80,4300,60,3,0,7,not,2020-11-26T18:45:23Z,60,4264.361111111111,62
9843,76,4711.5,62.5,3,0,8,not,2020-11-26T18:47:21Z,60,4264.361111111111,61.666666666666664
9843,78,4753.5,62.5,3,0,9,not,2020-11-26T18:49:34Z,62.5,4264.361111111111,61.785714285714285
9843,56,3851.5,62.5,3,0,10,not,2020-11-26T18:51:29Z,62.5,4264.361111111111,61.875
9843,60,4087.5,62.5,3,0,11,not,2020-11-26T18:53:24Z,62.5,4264.361111111111,61.94444444444444
9843,70,4537.5,62.5,3,0,12,not,2020-11-26T18:55:25Z,62.5,4264.361111111111,62
9843,79,4771.5,62.5,3,0,13,not,2020-11-26T18:57:22Z,62.5,4264.361111111111,62.04545454545455
9843,60,4087.5,62.5,3,0,14,not,2020-11-26T18:59:21Z,62.5,4264.361111111111,62.083333333333336
9843,80,4787.5,62.5,3,0,15,not,2020-11-26T19:01:25Z,62.5,4264.361111111111,62.11538461538461
9843,70,4537.5,62.5,3,0,16,not,2020-11-26T19:03:24Z,62.5,4264.361111111111,62.142857142857146
9843,87,4843.5,62.5,3,0,17,not,2020-11-26T19:05:18Z,62.5,4264.361111111111,62.166666666666664
9843,77,4733.5,62.5,3,0,18,not,2020-11-26T19:07:32Z,62.5,4264.361111111111,62.1875
9843,80,4787.5,62.5,3,0,19,not,2020-11-26T19:09:24Z,62.5,4264.361111111111,62.205882352941174
9843,87,4843.5,62.5,3,0,20,not,2020-11-26T19:11:26Z,62.5,4264.361111111111,62.22222222222222
14273,60,2887.5,57.5,3,0,3,not,2020-11-26T18:37:51Z,65,5020.027777777777,65
14273,60,2887.5,57.5,3,0,4,not,2020-11-26T18:39:47Z,57.5,5020.027777777777,61.25
14273,60,4650,65,3,0,5,not,2020-11-26T18:41:35Z,57.5,5020.027777777777,60
14273,60,2250,55,3,0,6,not,2020-11-26T18:43:34Z,65,5020.027777777777,61.25
14273,60,5700,70,3,0,7,not,2020-11-26T18:45:44Z,55,5020.027777777777,60
14273,60,5799.5,70.5,3,0,8,not,2020-11-26T18:47:38Z,70,5020.027777777777,61.666666666666664
14273,60,5995.5,71.5,3,0,9,not,2020-11-26T18:49:49Z,70.5,5020.027777777777,62.92857142857143
14273,60,3619.5,60.5,3,0,10,not,2020-11-26T18:51:28Z,71.5,5020.027777777777,64
14273,60,4087.5,62.5,3,0,11,not,2020-11-26T18:53:40Z,60.5,5020.027777777777,63.611111111111114
14273,60,5187.5,67.5,3,0,12,not,2020-11-26T18:55:36Z,62.5,5020.027777777777,63.5
14273,60,6092,72,3,0,13,not,2020-11-26T18:57:24Z,67.5,5020.027777777777,63.86363636363637
14273,60,4087.5,62.5,3,0,14,not,2020-11-26T18:59:27Z,72,5020.027777777777,64.54166666666667
14273,60,6187.5,72.5,3,0,15,not,2020-11-26T19:01:26Z,62.5,5020.027777777777,64.38461538461539
14273,60,5187.5,67.5,3,0,16,not,2020-11-26T19:03:24Z,72.5,5020.027777777777,64.96428571428571
14273,60,6828,76,3,0,17,not,2020-11-26T19:05:25Z,67.5,5020.027777777777,65.13333333333334
14273,60,5898,71,3,0,18,not,2020-11-26T19:07:44Z,76,5020.027777777777,65.8125
14273,60,6187.5,72.5,3,0,19,not,2020-11-26T19:09:53Z,71,5020.027777777777,66.11764705882354
14273,60,6828,76,3,0,20,not,2020-11-26T19:11:43Z,72.5,5020.027777777777,66.47222222222223
17260,71,5561.5,67.5,3,2,4,assortatively,2020-11-26T18:39:29Z,80,6119.970588235294,80
17260,71,4675,63,3,2,5,assortatively,2020-11-26T18:41:24Z,67.5,6119.970588235294,73.75
17260,70,7385.5,78.5,3,2,6,assortatively,2020-11-26T18:43:24Z,63,6119.970588235294,70.16666666666667
17260,70,3665.5,58.5,3,1,7,assortatively,2020-11-26T18:45:19Z,78.5,6119.970588235294,72.25
17260,70,6850,75,3,2,8,assortatively,2020-11-26T18:47:27Z,58.5,6119.970588235294,69.5
17260,70,7872,82,3,2,9,assortatively,2020-11-26T18:49:23Z,75,6119.970588235294,70.41666666666667
17260,70,8992,92,3,2,10,assortatively,2020-11-26T18:51:35Z,82,6119.970588235294,72.07142857142857
17260,70,2362,53,3,1,11,assortatively,2020-11-26T18:53:46Z,92,6119.970588235294,74.5625
17260,72,8607.5,88.5,3,1,12,assortatively,2020-11-26T18:55:27Z,53,6119.970588235294,72.16666666666667
17260,71,6367,72,3,1,13,assortatively,2020-11-26T18:57:17Z,88.5,6119.970588235294,73.8
17260,70,6000,70,3,0,14,assortatively,2020-11-26T18:59:38Z,72,6119.970588235294,73.63636363636364
17260,70,7805.5,81.5,3,1,15,assortatively,2020-11-26T19:01:19Z,70,6119.970588235294,73.33333333333333
17260,71,6451.5,72.5,3,1,16,assortatively,2020-11-26T19:03:31Z,81.5,6119.970588235294,73.96153846153847
17260,66,8010,83,3,1,17,assortatively,2020-11-26T19:05:30Z,72.5,6119.970588235294,73.85714285714286
17260,72,4290,61,3,0,18,assortatively,2020-11-26T19:07:19Z,83,6119.970588235294,74.46666666666667
17260,70,4537.5,62.5,3,1,19,assortatively,2020-11-26T19:09:29Z,61,6119.970588235294,73.625
17260,69,4607,63,3,1,20,assortatively,2020-11-26T19:11:32Z,62.5,6119.970588235294,72.97058823529412
18194,59,2821.5,57.5,3,0,3,assortatively,2020-11-26T18:37:26Z,65,5650.307692307692,65
18194,50,4637.5,67.5,3,0,4,assortatively,2020-11-26T18:39:23Z,57.5,5650.307692307692,61.25
18194,68,3460,58,3,0,5,assortatively,2020-11-26T18:41:37Z,67.5,5650.307692307692,63.333333333333336
18194,77,6871,75,3,2,6,assortatively,2020-11-26T18:43:31Z,58,5650.307692307692,62
18194,66,6361.5,72.5,3,2,7,assortatively,2020-11-26T18:45:53Z,75,5650.307692307692,64.6
18194,70,6850,75,3,2,8,assortatively,2020-11-26T18:47:35Z,72.5,5650.307692307692,65.91666666666667
18194,79,7201.5,77.5,3,2,9,assortatively,2020-11-26T18:49:40Z,75,5650.307692307692,67.21428571428571
18194,99,6541.5,77.5,3,2,10,assortatively,2020-11-26T18:51:33Z,77.5,5650.307692307692,68.5
18194,99,6299,75,3,1,12,assortatively,2020-11-26T18:55:26Z,90,5650.307692307692,70.88888888888889
18194,98,5453.5,67.5,3,1,15,assortatively,2020-11-26T19:01:47Z,75,5650.307692307692,71.3
18194,67,6727.5,74.5,3,1,16,assortatively,2020-11-26T19:03:29Z,67.5,5650.307692307692,70.95454545454545
18194,88,6316,72,3,1,17,assortatively,2020-11-26T19:05:37Z,74.5,5650.307692307692,71.25
18194,98,3913.5,57.5,3,1,18,assortatively,2020-11-26T19:07:42Z,72,5650.307692307692,71.3076923076923
18779,52,4876,68,3,1,3,randomly,2020-11-26T18:37:25Z,57,4127.123263888889,57
18779,90,4837.5,62.5,3,3,4,randomly,2020-11-26T18:39:40Z,68,4127.123263888889,62.5
18779,92,2436,50,3,3,5,randomly,2020-11-26T18:41:38Z,62.5,4127.123263888889,62.5
18779,85,4837.5,62.5,3,4,6,randomly,2020-11-26T18:43:30Z,50,4127.123263888889,59.375
18779,56,8687.5,88.5,3,4,7,randomly,2020-11-26T18:45:22Z,62.5,4127.123263888889,60
18779,99,4557.5,61.5,3,1,8,randomly,2020-11-26T18:47:31Z,88.5,4127.123263888889,64.75
18779,57,5571,70,3,4,9,randomly,2020-11-26T18:49:27Z,61.5,4127.123263888889,64.28571428571429
18779,65,6796.21875,75.125,3,1,10,randomly,2020-11-26T18:51:41Z,70,4127.123263888889,65
18779,80,5772,68,3,2,11,randomly,2020-11-26T18:53:24Z,75.125,4127.123263888889,66.125
18779,56,2740,58,3,1,12,randomly,2020-11-26T18:56:09Z,68,4127.123263888889,66.3125
18779,53,1013.5,52.5,3,0,13,randomly,2020-11-26T18:57:35Z,58,4127.123263888889,65.55681818181819
18779,56,3119.5,59.5,3,2,14,randomly,2020-11-26T18:59:19Z,52.5,4127.123263888889,64.46875
18779,62,1056,50,3,2,15,randomly,2020-11-26T19:01:27Z,59.5,4127.123263888889,64.08653846153847
18779,56,1954,55,3,3,16,randomly,2020-11-26T19:03:32Z,50,4127.123263888889,63.080357142857146
18779,53,7567.5,81.5,3,0,17,randomly,2020-11-26T19:05:31Z,55,4127.123263888889,62.541666666666664
18779,66,5904,70,3,3,18,randomly,2020-11-26T19:07:40Z,81.5,4127.123263888889,63.7265625
18779,60,1587.5,52.5,3,1,19,randomly,2020-11-26T19:09:54Z,70,4127.123263888889,64.09558823529412
18779,51,975,53,3,2,20,randomly,2020-11-26T19:11:30Z,52.5,4127.123263888889,63.451388888888886
20114,70,2237.5,52.5,3,2,3,randomly,2020-11-26T18:37:21Z,70,4235.166666666667,70
20114,50,6737.5,77.5,3,0,4,randomly,2020-11-26T18:39:26Z,52.5,4235.166666666667,61.25
20114,50,5418,71,3,3,5,randomly,2020-11-26T18:41:23Z,77.5,4235.166666666667,66.66666666666667
20114,50,6048,74,3,1,6,randomly,2020-11-26T18:43:23Z,71,4235.166666666667,67.75
20114,60,3500,60,3,2,7,randomly,2020-11-26T18:45:34Z,74,4235.166666666667,69
20114,55,7945.5,83.5,3,1,8,randomly,2020-11-26T18:47:27Z,60,4235.166666666667,67.5
20114,54,1794,55,3,3,9,randomly,2020-11-26T18:49:32Z,83.5,4235.166666666667,69.78571428571429
20114,75,2607,53,3,0,10,randomly,2020-11-26T18:51:23Z,55,4235.166666666667,67.9375
20114,51,7837.5,83.5,3,1,11,randomly,2020-11-26T18:53:29Z,53,4235.166666666667,66.27777777777777
20114,50,4050,65,3,2,12,randomly,2020-11-26T18:55:28Z,83.5,4235.166666666667,68
20114,100,2500,50,3,3,13,randomly,2020-11-26T18:57:27Z,65,4235.166666666667,67.72727272727273
20114,50,1450,55,3,3,14,randomly,2020-11-26T18:59:26Z,50,4235.166666666667,66.25
20114,51,2749.5,59.5,3,1,15,randomly,2020-11-26T19:01:24Z,55,4235.166666666667,65.38461538461539
20114,50,2272,58,3,3,16,randomly,2020-11-26T19:03:23Z,59.5,4235.166666666667,64.96428571428571
20114,55,5475,70,3,1,17,randomly,2020-11-26T19:05:29Z,58,4235.166666666667,64.5
20114,50,2272,58,3,0,18,randomly,2020-11-26T19:07:32Z,70,4235.166666666667,64.84375
20114,55,7289.5,79.5,3,0,19,randomly,2020-11-26T19:09:23Z,58,4235.166666666667,64.44117647058823
20114,50,4050,65,3,1,20,randomly,2020-11-26T19:11:22Z,79.5,4235.166666666667,65.27777777777777
20320,100,4979.5,64.5,3,2,3,assortatively,2020-11-26T18:37:35Z,78,4979.5,78
20425,56,4660,66,3,1,3,randomly,2020-11-26T18:37:57Z,54.5,5357.928571428572,54.5
20425,65,6775,75,3,3,4,randomly,2020-11-26T18:39:27Z,66,5357.928571428572,60.25
20425,70,4000,60,3,1,5,randomly,2020-11-26T18:41:34Z,75,5357.928571428572,65.16666666666667
20425,65,3775,60,3,3,6,randomly,2020-11-26T18:43:26Z,60,5357.928571428572,63.875
20425,63,5811,70,3,0,7,randomly,2020-11-26T18:46:24Z,60,5357.928571428572,63.1
20425,75,4175,60,3,2,8,randomly,2020-11-26T18:48:21Z,70,5357.928571428572,64.25
20425,70,8309.5,85.5,3,1,9,randomly,2020-11-26T18:49:39Z,60,5357.928571428572,63.642857142857146
21338,70,7529.5,79.5,3,2,3,assortatively,2020-11-26T18:37:23Z,58,4808.0234375,58
21338,70,5632,68,3,2,4,assortatively,2020-11-26T18:39:33Z,79.5,4808.0234375,68.75
21338,60,5395.5,68.5,3,2,5,assortatively,2020-11-26T18:41:50Z,68,4808.0234375,68.5
21338,75,3963,59,3,0,6,assortatively,2020-11-26T18:43:40Z,68.5,4808.0234375,68.5
21338,60,6739.5,75.5,3,2,7,assortatively,2020-11-26T18:45:23Z,59,4808.0234375,66.6
21338,65,2195.5,53.5,3,0,8,assortatively,2020-11-26T18:47:26Z,75.5,4808.0234375,68.08333333333333
21338,55,2407,57,3,1,9,assortatively,2020-11-26T18:49:21Z,53.5,4808.0234375,66
21338,55,3299.5,60.5,3,1,11,assortatively,2020-11-26T18:53:49Z,55,4808.0234375,64.625
21338,65,5185.5,66.5,3,0,12,assortatively,2020-11-26T18:55:51Z,60.5,4808.0234375,64.16666666666667
21338,90,5250,65,3,0,13,assortatively,2020-11-26T18:57:42Z,66.5,4808.0234375,64.4
21338,65,8143,84,3,1,15,assortatively,2020-11-26T19:01:22Z,70,4808.0234375,64.9090909090909
21338,65,4447,63,3,0,16,assortatively,2020-11-26T19:03:22Z,84,4808.0234375,66.5
21338,75,4331.375,60.75,3,0,17,assortatively,2020-11-26T19:05:43Z,63,4808.0234375,66.23076923076923
21338,55,7203,79,3,1,18,assortatively,2020-11-26T19:07:26Z,60.75,4808.0234375,65.83928571428571
21338,55,2407,57,3,0,19,assortatively,2020-11-26T19:09:38Z,79,4808.0234375,66.71666666666667
21338,50,2800,60,3,0,20,assortatively,2020-11-26T19:11:21Z,57,4808.0234375,66.109375
27919,65,5387.5,67.5,3,1,3,assortatively,2020-11-26T18:38:02Z,88,5899.888888888889,88
27919,65,4555.5,63.5,3,1,4,assortatively,2020-11-26T18:39:44Z,67.5,5899.888888888889,77.75
27919,80,5339.5,65.5,3,1,5,assortatively,2020-11-26T18:42:43Z,63.5,5899.888888888889,73
27919,80,6635.5,73.5,3,2,6,assortatively,2020-11-26T18:43:52Z,65.5,5899.888888888889,71.125
27919,85,4927,63,3,2,7,assortatively,2020-11-26T18:46:04Z,73.5,5899.888888888889,71.6
27919,80,6100,70,3,2,8,assortatively,2020-11-26T18:47:47Z,63,5899.888888888889,70.16666666666667
27919,85,6709.5,74.5,3,2,9,assortatively,2020-11-26T18:50:01Z,70,5899.888888888889,70.14285714285714
27919,85,7829.5,84.5,3,2,10,assortatively,2020-11-26T18:51:34Z,74.5,5899.888888888889,70.6875
27919,99,5615,69,3,1,14,assortatively,2020-11-26T19:00:13Z,99,5899.888888888889,73.83333333333333
28610,50,3437.5,62.5,3,2,3,randomly,2020-11-26T18:37:22Z,70,4155.333333333333,70
28610,70,1858,51,3,2,4,randomly,2020-11-26T18:39:31Z,62.5,4155.333333333333,66.25
28610,80,7378,79,3,2,5,randomly,2020-11-26T18:41:32Z,51,4155.333333333333,61.166666666666664
28610,50,5842,73,3,0,6,randomly,2020-11-26T18:43:19Z,79,4155.333333333333,65.625
28610,90,3745.5,56.5,3,0,7,randomly,2020-11-26T18:45:29Z,73,4155.333333333333,67.1
28610,68,7146,77,3,1,8,randomly,2020-11-26T18:47:25Z,56.5,4155.333333333333,65.33333333333333
28610,55,1465.5,53.5,3,2,9,randomly,2020-11-26T18:49:38Z,77,4155.333333333333,67
28610,56,3851.5,62.5,3,0,10,randomly,2020-11-26T18:51:24Z,53.5,4155.333333333333,65.3125
28610,78,5930,69,3,2,11,randomly,2020-11-26T18:53:21Z,62.5,4155.333333333333,65
28610,50,4050,65,3,2,12,randomly,2020-11-26T18:55:21Z,69,4155.333333333333,65.4
28610,80,5250,65,3,1,13,randomly,2020-11-26T18:57:19Z,65,4155.333333333333,65.36363636363636
28610,68,2746,55,3,0,14,randomly,2020-11-26T18:59:25Z,65,4155.333333333333,65.33333333333333
28610,56,4434,65,3,0,15,randomly,2020-11-26T19:01:19Z,55,4155.333333333333,64.53846153846153
28610,55,2537.5,57.5,3,0,16,randomly,2020-11-26T19:03:27Z,65,4155.333333333333,64.57142857142857
28610,66,6794,75,3,0,17,randomly,2020-11-26T19:05:26Z,57.5,4155.333333333333,64.1
28610,66,1344,50,3,0,18,randomly,2020-11-26T19:07:35Z,75,4155.333333333333,64.78125
28610,77,1971,50,3,2,19,randomly,2020-11-26T19:09:21Z,50,4155.333333333333,63.911764705882355
28610,88,5015.5,63.5,3,0,20,randomly,2020-11-26T19:11:21Z,50,4155.333333333333,63.138888888888886
30329,55,3175,60,3,2,3,randomly,2020-11-26T18:37:23Z,57.5,4885.416666666667,57.5
30329,55,6475,75,3,0,4,randomly,2020-11-26T18:39:23Z,60,4885.416666666667,58.75
30329,54,4881.5,67.5,3,0,5,randomly,2020-11-26T18:41:29Z,75,4885.416666666667,64.16666666666667
30329,56,5524,70,3,0,6,randomly,2020-11-26T18:43:40Z,67.5,4885.416666666667,65
30329,55,4375,65,3,1,7,randomly,2020-11-26T18:45:26Z,70,4885.416666666667,66
30329,56,4882,67,3,0,8,randomly,2020-11-26T18:47:44Z,65,4885.416666666667,65.83333333333333
32558,65,5387.5,67.5,3,1,3,assortatively,2020-11-26T18:37:26Z,62.5,4134.428571428572,62.5
32558,60,4868,66,3,1,4,assortatively,2020-11-26T18:39:33Z,67.5,4134.428571428572,65
32558,61,3911.5,61.5,3,0,5,assortatively,2020-11-26T18:41:30Z,66,4134.428571428572,65.33333333333333
32558,60,4975.5,66.5,3,0,6,assortatively,2020-11-26T18:44:45Z,61.5,4134.428571428572,64.375
32558,55,4603,66,3,1,7,assortatively,2020-11-26T18:46:08Z,66.5,4134.428571428572,64.8
32558,50,3058,61,3,0,8,assortatively,2020-11-26T18:47:30Z,66,4134.428571428572,65
32558,50,2137.5,57.5,3,0,9,assortatively,2020-11-26T18:49:57Z,61,4134.428571428572,64.42857142857143
32671,60,2762,57,3,0,3,assortatively,2020-11-26T18:37:36Z,90,4659.566666666667,90
32671,67,4423.5,62.5,3,1,4,assortatively,2020-11-26T18:39:34Z,57,4659.566666666667,73.5
32671,66,6361.5,72.5,3,1,5,assortatively,2020-11-26T18:41:29Z,62.5,4659.566666666667,69.83333333333333
32671,55,3907,63,3,1,6,assortatively,2020-11-26T18:43:24Z,72.5,4659.566666666667,70.5
32671,61,3677.5,60.5,3,0,7,assortatively,2020-11-26T18:45:24Z,63,4659.566666666667,69
32671,63,3315.5,58.5,3,1,8,assortatively,2020-11-26T18:47:24Z,60.5,4659.566666666667,67.58333333333333
32671,59,2179,55,3,1,9,assortatively,2020-11-26T18:49:38Z,58.5,4659.566666666667,66.28571428571429
32671,55,1739.5,54.5,3,1,10,assortatively,2020-11-26T18:51:31Z,55,4659.566666666667,64.875
32671,57,4603.5,65.5,3,0,11,assortatively,2020-11-26T18:53:20Z,54.5,4659.566666666667,63.72222222222222
32671,78,8157.5,85.5,3,1,12,assortatively,2020-11-26T18:55:25Z,65.5,4659.566666666667,63.9
32671,78,5845.5,68.5,3,1,13,assortatively,2020-11-26T18:57:21Z,85.5,4659.566666666667,65.86363636363636
32671,68,8203.5,84.5,3,1,14,assortatively,2020-11-26T18:59:22Z,68.5,4659.566666666667,66.08333333333333
32671,98,5033.5,64.5,3,0,15,assortatively,2020-11-26T19:01:52Z,84.5,4659.566666666667,67.5
32671,65,4875,65,3,1,19,assortatively,2020-11-26T19:09:26Z,-1,4659.566666666667,62.607142857142854
32671,66,4809.5,64.5,3,1,20,assortatively,2020-11-26T19:11:26Z,65,4659.566666666667,62.766666666666666
36709,55,6937.5,77.5,3,3,3,randomly,2020-11-26T18:37:48Z,55,3644.4166666666665,55
36709,50,0,50,3,4,4,randomly,2020-11-26T18:40:26Z,77.5,3644.4166666666665,66.25
36709,60,8778,89,3,2,5,randomly,2020-11-26T18:42:58Z,50,3644.4166666666665,60.833333333333336
36709,90,3042,53,3,0,6,randomly,2020-11-26T18:43:28Z,89,3644.4166666666665,67.875
36709,50,4637.5,67.5,3,1,7,randomly,2020-11-26T18:45:32Z,53,3644.4166666666665,64.9
36709,50,6048,74,3,3,8,randomly,2020-11-26T18:47:23Z,67.5,3644.4166666666665,65.33333333333333
36709,50,2002,57,3,3,9,randomly,2020-11-26T18:49:21Z,74,3644.4166666666665,66.57142857142857
36709,50,2405.5,58.5,3,4,10,randomly,2020-11-26T18:51:17Z,57,3644.4166666666665,65.375
36709,50,1450,55,3,3,11,randomly,2020-11-26T18:53:21Z,58.5,3644.4166666666665,64.61111111111111
36709,50,3058,61,3,1,12,randomly,2020-11-26T18:55:49Z,55,3644.4166666666665,63.65
36709,50,6250,75,3,3,13,randomly,2020-11-26T18:57:38Z,61,3644.4166666666665,63.40909090909091
36709,50,1450,55,3,3,14,randomly,2020-11-26T18:59:32Z,75,3644.4166666666665,64.375
36709,50,1728,56,3,2,15,randomly,2020-11-26T19:01:31Z,55,3644.4166666666665,63.65384615384615
36709,50,2800,60,3,0,16,randomly,2020-11-26T19:03:39Z,56,3644.4166666666665,63.107142857142854
36709,50,1865.5,56.5,3,3,17,randomly,2020-11-26T19:05:22Z,60,3644.4166666666665,62.9
36709,50,6832,78,3,1,18,randomly,2020-11-26T19:07:47Z,56.5,3644.4166666666665,62.5
36709,50,4865.5,68.5,3,3,19,randomly,2020-11-26T19:09:20Z,78,3644.4166666666665,63.411764705882355
36709,50,1450,55,3,3,20,randomly,2020-11-26T19:11:32Z,68.5,3644.4166666666665,63.69444444444444
38308,56.75,4015.9375,63,3,2,3,not,2020-11-26T18:37:25Z,65,1358.1006944444443,65
38308,53.25,314.4375,50,3,2,4,not,2020-11-26T18:39:22Z,63,1358.1006944444443,64
38308,51,395,51,3,2,5,not,2020-11-26T18:41:21Z,50,1358.1006944444443,59.333333333333336
38308,52,232.96875,50.125,3,2,6,not,2020-11-26T18:43:20Z,51,1358.1006944444443,57.25
38308,54.25,6444.4375,75,3,2,7,not,2020-11-26T18:45:26Z,50.125,1358.1006944444443,55.825
38308,54,529.5,50.5,3,2,8,not,2020-11-26T18:47:20Z,75,1358.1006944444443,59.020833333333336
38308,55,475,50,3,2,9,not,2020-11-26T18:49:26Z,50.5,1358.1006944444443,57.80357142857143
38308,55.25,497.4375,50,3,2,10,not,2020-11-26T18:51:21Z,50,1358.1006944444443,56.828125
38308,67.75,2076.84375,52.375,3,2,11,not,2020-11-26T18:53:26Z,50,1358.1006944444443,56.06944444444444
38308,61.25,1273.9375,51,3,2,12,not,2020-11-26T18:55:21Z,52.375,1358.1006944444443,55.7
38308,56.5,892.75,51,3,2,13,not,2020-11-26T18:57:18Z,51,1358.1006944444443,55.27272727272727
38308,61,1117.5,50.5,3,2,14,not,2020-11-26T18:59:23Z,51,1358.1006944444443,54.916666666666664
38308,58,1433.5,52.5,3,2,15,not,2020-11-26T19:01:20Z,50.5,1358.1006944444443,54.57692307692308
38308,51,99,50,3,2,16,not,2020-11-26T19:03:23Z,52.5,1358.1006944444443,54.42857142857143
38308,62.5,1196.59375,50.375,3,2,17,not,2020-11-26T19:05:21Z,50,1358.1006944444443,54.13333333333333
38308,59.25,1049.4375,50.75,3,2,18,not,2020-11-26T19:07:21Z,50.375,1358.1006944444443,53.8984375
38308,61.25,1136.6875,50.5,3,2,19,not,2020-11-26T19:09:22Z,50.75,1358.1006944444443,53.713235294117645
38308,62.5,1264.84375,50.625,3,2,20,not,2020-11-26T19:11:19Z,50.5,1358.1006944444443,53.53472222222222
38610,51,4325.71875,65.875,3,2,3,not,2020-11-26T18:37:23Z,58.625,1502.0659722222222,58.625
38610,50,482.21875,51.625,3,2,4,not,2020-11-26T18:39:36Z,65.875,1502.0659722222222,62.25
38610,52,343.5,50.5,3,2,5,not,2020-11-26T18:41:36Z,51.625,1502.0659722222222,58.708333333333336
38610,50.25,322.4375,51,3,2,6,not,2020-11-26T18:43:50Z,50.5,1502.0659722222222,56.65625
38610,100,2915.96875,52.125,3,2,7,not,2020-11-26T18:46:06Z,51,1502.0659722222222,55.525
38610,50,737.5,52.5,3,2,8,not,2020-11-26T18:47:39Z,52.125,1502.0659722222222,54.958333333333336
38610,50,737.5,52.5,3,2,9,not,2020-11-26T18:49:30Z,52.5,1502.0659722222222,54.607142857142854
38610,50,773.71875,52.625,3,2,10,not,2020-11-26T18:51:25Z,52.5,1502.0659722222222,54.34375
38610,54.75,2873.09375,58.875,3,2,11,not,2020-11-26T18:53:29Z,52.625,1502.0659722222222,54.15277777777778
38610,51,1849.21875,56.125,3,2,12,not,2020-11-26T18:55:29Z,58.875,1502.0659722222222,54.625
38610,52,1136.875,53.25,3,2,13,not,2020-11-26T18:57:22Z,56.125,1502.0659722222222,54.76136363636363
38610,51,1677.5,55.5,3,2,14,not,2020-11-26T18:59:24Z,53.25,1502.0659722222222,54.635416666666664
38610,55,1603,54,3,2,15,not,2020-11-26T19:01:28Z,55.5,1502.0659722222222,54.70192307692308
38610,50,149.5,50.5,3,2,16,not,2020-11-26T19:03:36Z,54,1502.0659722222222,54.651785714285715
38610,50.75,1861.9375,56.25,3,2,17,not,2020-11-26T19:05:32Z,50.5,1502.0659722222222,54.375
38610,50.5,1529.59375,55.125,3,2,18,not,2020-11-26T19:07:22Z,56.25,1502.0659722222222,54.4921875
38610,50,1762.46875,56.125,3,2,19,not,2020-11-26T19:09:25Z,55.125,1502.0659722222222,54.529411764705884
38610,50.25,1955.4375,56.75,3,2,20,not,2020-11-26T19:11:23Z,56.125,1502.0659722222222,54.61805555555556
38692,75,2487.5,52.5,3,0,3,randomly,2020-11-26T18:37:44Z,52.5,3921.1470588235293,52.5
38692,80,3468,56,3,1,4,randomly,2020-11-26T18:39:21Z,52.5,3921.1470588235293,52.5
38692,90,4922,63,3,4,5,randomly,2020-11-26T18:41:53Z,56,3921.1470588235293,53.666666666666664
38692,80,3468,56,3,2,6,randomly,2020-11-26T18:43:34Z,63,3921.1470588235293,56
38692,80,2687.5,52.5,3,1,7,randomly,2020-11-26T18:45:32Z,56,3921.1470588235293,56
38692,80,3250,55,3,0,8,randomly,2020-11-26T18:47:26Z,52.5,3921.1470588235293,55.416666666666664
38692,85,7147,78,3,1,9,randomly,2020-11-26T18:49:26Z,55,3921.1470588235293,55.357142857142854
38692,80,5938,69,3,1,11,randomly,2020-11-26T18:53:20Z,58,3921.1470588235293,55.6875
38692,80,2100,50,3,2,12,randomly,2020-11-26T18:55:29Z,69,3921.1470588235293,57.166666666666664
38692,80,5250,65,3,1,13,randomly,2020-11-26T18:57:29Z,50,3921.1470588235293,56.45
38692,80,5068,64,3,1,14,randomly,2020-11-26T18:59:21Z,65,3921.1470588235293,57.22727272727273
38692,80,3575.5,56.5,3,3,15,randomly,2020-11-26T19:01:38Z,64,3921.1470588235293,57.791666666666664
38692,80,4300,60,3,2,16,randomly,2020-11-26T19:03:33Z,56.5,3921.1470588235293,57.69230769230769
38692,80,3787.5,57.5,3,1,17,randomly,2020-11-26T19:05:28Z,60,3921.1470588235293,57.857142857142854
38692,80,4882,63,3,3,18,randomly,2020-11-26T19:07:29Z,57.5,3921.1470588235293,57.833333333333336
38692,75,3303,56,3,3,19,randomly,2020-11-26T19:09:25Z,63,3921.1470588235293,58.15625
38692,50,1025.5,53.5,3,2,20,randomly,2020-11-26T19:11:38Z,56,3921.1470588235293,58.029411764705884
43777,59,8239,85,3,2,3,assortatively,2020-11-26T18:37:37Z,57.5,4394.35294117647,57.5
43777,80,2687.5,52.5,3,0,4,assortatively,2020-11-26T18:39:36Z,85,4394.35294117647,71.25
43777,66,5017.5,65.5,3,2,5,assortatively,2020-11-26T18:41:28Z,52.5,4394.35294117647,65
43777,60,3619.5,60.5,3,1,6,assortatively,2020-11-26T18:43:33Z,65.5,4394.35294117647,65.125
43777,63,3553.5,59.5,3,0,7,assortatively,2020-11-26T18:45:31Z,60.5,4394.35294117647,64.2
43777,58,3618,61,3,1,8,assortatively,2020-11-26T18:47:15Z,59.5,4394.35294117647,63.416666666666664
43777,59,1647,53,3,0,9,assortatively,2020-11-26T18:49:47Z,61,4394.35294117647,63.07142857142857
43777,54,1794,55,3,1,10,assortatively,2020-11-26T18:51:39Z,53,4394.35294117647,61.8125
43777,56,4660,66,3,0,11,assortatively,2020-11-26T18:53:34Z,55,4394.35294117647,61.05555555555556
43777,81,4017.5,58.5,3,0,12,assortatively,2020-11-26T18:55:35Z,66,4394.35294117647,61.55
43777,66,6709.5,74.5,3,1,13,assortatively,2020-11-26T18:57:32Z,58.5,4394.35294117647,61.27272727272727
43777,82,5088,64,3,0,14,assortatively,2020-11-26T18:59:37Z,74.5,4394.35294117647,62.375
43777,78,5930,69,3,1,16,assortatively,2020-11-26T19:03:28Z,99,4394.35294117647,65.1923076923077
43777,78,7146,77,3,1,17,assortatively,2020-11-26T19:05:23Z,69,4394.35294117647,65.46428571428571
43777,60,6915.5,76.5,3,1,18,assortatively,2020-11-26T19:07:35Z,77,4394.35294117647,66.23333333333333
43777,54,2461.5,57.5,3,0,19,assortatively,2020-11-26T19:09:34Z,76.5,4394.35294117647,66.875
43777,70,1600,50,3,0,20,assortatively,2020-11-26T19:11:41Z,57.5,4394.35294117647,66.32352941176471
44172,68,4463.5,62.5,3,4,3,randomly,2020-11-26T18:38:37Z,75,4215.138888888889,75
44172,57,5043.5,67.5,3,1,4,randomly,2020-11-26T18:39:38Z,62.5,4215.138888888889,68.75
44172,60,4650,65,3,1,5,randomly,2020-11-26T18:41:49Z,67.5,4215.138888888889,68.33333333333333
44172,65,3775,60,3,3,6,randomly,2020-11-26T18:43:32Z,65,4215.138888888889,67.5
44172,78,7213.5,77.5,3,4,7,randomly,2020-11-26T18:45:26Z,60,4215.138888888889,66
44172,88,3426,55,3,3,8,randomly,2020-11-26T18:47:28Z,77.5,4215.138888888889,67.91666666666667
44172,86,7061.5,77.5,3,1,9,randomly,2020-11-26T18:49:53Z,55,4215.138888888889,66.07142857142857
44172,67,1411,50,3,4,10,randomly,2020-11-26T18:52:25Z,77.5,4215.138888888889,67.5
44172,87,5353.5,65.5,3,1,11,randomly,2020-11-26T18:53:20Z,50,4215.138888888889,65.55555555555556
44172,66,2130,53,3,1,12,randomly,2020-11-26T18:56:56Z,65.5,4215.138888888889,65.55
44172,50,737.5,52.5,3,2,13,randomly,2020-11-26T18:57:48Z,53,4215.138888888889,64.4090909090909
44172,78,5226,65,3,1,14,randomly,2020-11-26T18:59:30Z,52.5,4215.138888888889,63.416666666666664
44172,59,2309.5,55.5,3,1,15,randomly,2020-11-26T19:01:37Z,65,4215.138888888889,63.53846153846154
44172,60,5700,70,3,2,16,randomly,2020-11-26T19:03:32Z,55.5,4215.138888888889,62.964285714285715
44172,97,4267.5,59.5,3,0,17,randomly,2020-11-26T19:05:25Z,70,4215.138888888889,63.43333333333333
44172,98,3280,54,3,1,18,randomly,2020-11-26T19:07:26Z,59.5,4215.138888888889,63.1875
44172,99,3901.5,57.5,3,0,19,randomly,2020-11-26T19:10:02Z,54,4215.138888888889,62.64705882352941
44172,77,5923,69,3,0,20,randomly,2020-11-26T19:11:35Z,57.5,4215.138888888889,62.361111111111114
45360,90,4400,60,3,3,3,randomly,2020-11-26T18:37:22Z,64,2898.6470588235293,64
45360,50,0,50,3,4,4,randomly,2020-11-26T18:39:43Z,60,2898.6470588235293,62
45360,80,3139.5,54.5,3,0,5,randomly,2020-11-26T18:41:38Z,50,2898.6470588235293,58
45360,55,5155.5,68.5,3,2,6,randomly,2020-11-26T18:43:41Z,54.5,2898.6470588235293,57.125
45360,54,4314,65,3,3,7,randomly,2020-11-26T18:45:31Z,68.5,2898.6470588235293,59.4
45360,54,4992,68,3,0,8,randomly,2020-11-26T18:47:36Z,65,2898.6470588235293,60.333333333333336
45360,60,1452,52,3,3,9,randomly,2020-11-26T18:49:34Z,68,2898.6470588235293,61.42857142857143
45360,55,3787.5,62.5,3,0,11,randomly,2020-11-26T18:53:47Z,55,2898.6470588235293,60.625
45360,60,1988,54,3,0,12,randomly,2020-11-26T18:55:29Z,62.5,2898.6470588235293,60.833333333333336
45360,55,475,50,3,2,13,randomly,2020-11-26T18:57:36Z,54,2898.6470588235293,60.15
45360,60,900,50,3,3,14,randomly,2020-11-26T18:59:39Z,50,2898.6470588235293,59.22727272727273
45360,55,5263,69,3,3,15,randomly,2020-11-26T19:01:42Z,50,2898.6470588235293,58.458333333333336
45360,55,1187.5,52.5,3,1,16,randomly,2020-11-26T19:03:32Z,69,2898.6470588235293,59.26923076923077
45360,58,1433.5,52.5,3,3,17,randomly,2020-11-26T19:05:31Z,52.5,2898.6470588235293,58.785714285714285
45360,60,2887.5,57.5,3,2,18,randomly,2020-11-26T19:07:34Z,52.5,2898.6470588235293,58.36666666666667
45360,60,7002,77,3,0,19,randomly,2020-11-26T19:09:39Z,57.5,2898.6470588235293,58.3125
45360,60,900,50,3,3,20,randomly,2020-11-26T19:11:31Z,77,2898.6470588235293,59.411764705882355
48856,70,5050,65,3,1,3,assortatively,2020-11-26T18:37:35Z,63,4753.9921875,63
48856,65,5969.5,70.5,3,2,4,assortatively,2020-11-26T18:39:36Z,65,4753.9921875,64
48856,65,6427,73,3,1,5,assortatively,2020-11-26T18:41:27Z,70.5,4753.9921875,66.16666666666667
48856,66,3241.5,57.5,3,1,6,assortatively,2020-11-26T18:43:25Z,73,4753.9921875,67.875
48856,62,4193.5,62.5,3,1,7,assortatively,2020-11-26T18:46:12Z,57.5,4753.9921875,65.8
48856,59,3559.5,60.5,3,1,8,assortatively,2020-11-26T18:47:25Z,62.5,4753.9921875,65.25
48856,55,2407,57,3,1,9,assortatively,2020-11-26T18:49:30Z,60.5,4753.9921875,64.57142857142857
48856,75,3415.5,56.5,3,0,11,assortatively,2020-11-26T18:53:25Z,80,4753.9921875,66.5
48856,75,6487.5,72.5,3,0,13,assortatively,2020-11-26T18:57:35Z,90,4753.9921875,69.11111111111111
48856,70,8065.5,83.5,3,1,14,assortatively,2020-11-26T18:59:22Z,72.5,4753.9921875,69.45
48856,69,7455,79,3,0,15,assortatively,2020-11-26T19:01:28Z,83.5,4753.9921875,70.72727272727273
48856,65,4447,63,3,0,16,assortatively,2020-11-26T19:03:39Z,79,4753.9921875,71.41666666666667
48856,60,5343.875,68.25,3,0,17,assortatively,2020-11-26T19:05:20Z,63,4753.9921875,70.76923076923077
48856,60,5082,67,3,0,18,assortatively,2020-11-26T19:07:27Z,68.25,4753.9921875,70.58928571428571
48856,60,2119.5,54.5,3,0,19,assortatively,2020-11-26T19:09:27Z,67,4753.9921875,70.35
48856,50,2800,60,3,0,20,assortatively,2020-11-26T19:11:24Z,54.5,4753.9921875,69.359375
50284,75,2813.71875,53.875,3,2,3,not,2020-11-26T18:38:08Z,63.625,1662.607638888889,63.625
50284,50,482.21875,51.625,3,2,4,not,2020-11-26T18:40:12Z,53.875,1662.607638888889,58.75
50284,50,445.5,51.5,3,2,5,not,2020-11-26T18:41:30Z,51.625,1662.607638888889,56.375
50284,50,334.96875,51.125,3,2,6,not,2020-11-26T18:43:36Z,51.5,1662.607638888889,55.15625
50284,50,6665.96875,77.125,3,2,7,not,2020-11-26T18:45:29Z,51.125,1662.607638888889,54.35
50284,51,687,52,3,2,8,not,2020-11-26T18:47:33Z,77.125,1662.607638888889,58.145833333333336
50284,50,737.5,52.5,3,2,9,not,2020-11-26T18:49:49Z,52,1662.607638888889,57.267857142857146
50284,50,773.71875,52.625,3,2,10,not,2020-11-26T18:51:55Z,52.5,1662.607638888889,56.671875
50284,50,3121.875,61.25,3,2,11,not,2020-11-26T18:53:29Z,52.625,1662.607638888889,56.22222222222222
50284,51,1849.21875,56.125,3,2,12,not,2020-11-26T18:55:43Z,61.25,1662.607638888889,56.725
50284,50,1238.875,54.25,3,2,13,not,2020-11-26T18:57:46Z,56.125,1662.607638888889,56.67045454545455
50284,50,1728,56,3,2,14,not,2020-11-26T18:59:21Z,54.25,1662.607638888889,56.46875
50284,50,1865.5,56.5,3,2,15,not,2020-11-26T19:01:37Z,56,1662.607638888889,56.43269230769231
50284,50,149.5,50.5,3,2,16,not,2020-11-26T19:03:48Z,56.5,1662.607638888889,56.4375
50284,50,1899.71875,56.625,3,2,17,not,2020-11-26T19:05:29Z,50.5,1662.607638888889,56.041666666666664
50284,51,1504.21875,54.875,3,2,18,not,2020-11-26T19:08:07Z,56.625,1662.607638888889,56.078125
50284,51,1711.96875,55.625,3,2,19,not,2020-11-26T19:09:54Z,54.875,1662.607638888889,56.00735294117647
50284,51,1917.46875,56.375,3,2,20,not,2020-11-26T19:11:35Z,55.625,1662.607638888889,55.986111111111114
50525,56,5831.5,71.5,3,3,3,not,2020-11-26T18:37:34Z,83,5467.777777777777,83
50525,57,4715,66,3,3,4,not,2020-11-26T18:39:24Z,71.5,5467.777777777777,77.25
50525,58,4877.5,66.5,3,3,5,not,2020-11-26T18:41:48Z,66,5467.777777777777,73.5
50525,59,5035,67,3,3,6,not,2020-11-26T18:43:22Z,66.5,5467.777777777777,71.75
50525,60,7962,83,3,3,7,not,2020-11-26T18:45:21Z,67,5467.777777777777,70.8
50525,61,5127,67,3,3,8,not,2020-11-26T18:47:47Z,83,5467.777777777777,72.83333333333333
50525,61,5437.5,68.5,3,3,9,not,2020-11-26T18:50:57Z,67,5467.777777777777,72
50525,62,5273.5,67.5,3,3,10,not,2020-11-26T18:51:17Z,68.5,5467.777777777777,71.5625
50525,63,5313.5,67.5,3,3,11,not,2020-11-26T18:53:25Z,67.5,5467.777777777777,71.11111111111111
50525,63,5313.5,67.5,3,3,12,not,2020-11-26T18:55:27Z,67.5,5467.777777777777,70.75
50525,64,5351.5,67.5,3,3,13,not,2020-11-26T18:57:22Z,67.5,5467.777777777777,70.45454545454545
50525,65,5387.5,67.5,3,3,14,not,2020-11-26T18:59:24Z,67.5,5467.777777777777,70.20833333333333
50525,66,5421.5,67.5,3,3,15,not,2020-11-26T19:01:20Z,67.5,5467.777777777777,70
50525,65,5387.5,67.5,3,3,16,not,2020-11-26T19:03:34Z,67.5,5467.777777777777,69.82142857142857
50525,67,5453.5,67.5,3,3,17,not,2020-11-26T19:05:25Z,67.5,5467.777777777777,69.66666666666667
50525,68,5483.5,67.5,3,3,18,not,2020-11-26T19:07:35Z,67.5,5467.777777777777,69.53125
50525,69,5511.5,67.5,3,3,19,not,2020-11-26T19:10:16Z,67.5,5467.777777777777,69.41176470588235
50525,70,5537.5,67.5,3,3,20,not,2020-11-26T19:11:28Z,67.5,5467.777777777777,69.30555555555556
52121,55,3787.5,62.5,3,0,3,randomly,2020-11-26T18:37:29Z,60,3356.205882352941,60
52121,52,2956,60,3,2,4,randomly,2020-11-26T18:39:31Z,62.5,3356.205882352941,61.25
52121,55,4827,67,3,0,5,randomly,2020-11-26T18:41:31Z,60,3356.205882352941,60.833333333333336
52121,57,5043.5,67.5,3,2,6,randomly,2020-11-26T18:43:34Z,67,3356.205882352941,62.375
52121,60,3500,60,3,2,7,randomly,2020-11-26T18:45:31Z,67.5,3356.205882352941,63.4
52121,60,4315.5,63.5,3,4,8,randomly,2020-11-26T18:47:41Z,60,3356.205882352941,62.833333333333336
52121,57,1353.5,52.5,3,2,9,randomly,2020-11-26T18:50:15Z,63.5,3356.205882352941,62.92857142857143
52121,58,7290,79,3,2,11,randomly,2020-11-26T18:53:23Z,80,3356.205882352941,65.0625
52121,58,2106,55,3,0,12,randomly,2020-11-26T18:55:47Z,79,3356.205882352941,66.61111111111111
52121,55,905.5,51.5,3,0,13,randomly,2020-11-26T18:57:16Z,55,3356.205882352941,65.45
52121,59,2947,58,3,2,14,randomly,2020-11-26T18:59:41Z,51.5,3356.205882352941,64.18181818181819
52121,60,2250,55,3,1,15,randomly,2020-11-26T19:01:54Z,58,3356.205882352941,63.666666666666664
52121,60,1722,53,3,3,16,randomly,2020-11-26T19:03:32Z,55,3356.205882352941,63
52121,60,5187.5,67.5,3,1,17,randomly,2020-11-26T19:06:01Z,53,3356.205882352941,62.285714285714285
52121,60,6282,73,3,3,18,randomly,2020-11-26T19:08:12Z,67.5,3356.205882352941,62.63333333333333
52121,55,1875,55,3,1,19,randomly,2020-11-26T19:09:49Z,73,3356.205882352941,63.28125
52121,56,707.5,50.5,3,2,20,randomly,2020-11-26T19:11:57Z,55,3356.205882352941,62.794117647058826
53861,77,4435,61,3,3,3,not,2020-11-26T18:37:32Z,60.5,4920.444444444444,60.5
53861,66,4161.5,61.5,3,3,4,not,2020-11-26T18:39:59Z,61,4920.444444444444,60.75
53861,67,4315,62,3,3,5,not,2020-11-26T18:41:33Z,61.5,4920.444444444444,61
53861,68,4463.5,62.5,3,3,6,not,2020-11-26T18:43:38Z,62,4920.444444444444,61.25
53861,100,4762,63,3,3,7,not,2020-11-26T18:45:20Z,62.5,4920.444444444444,61.5
53861,68,4675.5,63.5,3,3,8,not,2020-11-26T18:47:30Z,63,4920.444444444444,61.75
53861,71,4777.5,63.5,3,3,9,not,2020-11-26T18:49:30Z,63.5,4920.444444444444,62
53861,69,4815,64,3,3,10,not,2020-11-26T18:51:22Z,63.5,4920.444444444444,62.1875
53861,69,4917.5,64.5,3,3,11,not,2020-11-26T18:53:21Z,64,4920.444444444444,62.388888888888886
53861,69,4917.5,64.5,3,3,12,not,2020-11-26T18:55:49Z,64.5,4920.444444444444,62.6
53861,69,5019,65,3,3,13,not,2020-11-26T18:57:51Z,64.5,4920.444444444444,62.77272727272727
53861,69,5119.5,65.5,3,3,14,not,2020-11-26T18:59:27Z,65,4920.444444444444,62.958333333333336
53861,69,5219,66,3,3,15,not,2020-11-26T19:01:32Z,65.5,4920.444444444444,63.15384615384615
53861,69,5119.5,65.5,3,3,16,not,2020-11-26T19:03:39Z,66,4920.444444444444,63.357142857142854
53861,69,5317.5,66.5,3,3,17,not,2020-11-26T19:06:06Z,65.5,4920.444444444444,63.5
53861,69,5415,67,3,3,18,not,2020-11-26T19:07:26Z,66.5,4920.444444444444,63.6875
53861,69,5511.5,67.5,3,3,19,not,2020-11-26T19:09:38Z,67,4920.444444444444,63.88235294117647
53861,69,5607,68,3,3,20,not,2020-11-26T19:11:28Z,67.5,4920.444444444444,64.08333333333333
59635,66,5221.5,66.5,3,3,3,not,2020-11-26T18:37:34Z,77.5,5282.277777777777,77.5
59635,66,4161.5,61.5,3,3,4,not,2020-11-26T18:39:16Z,66.5,5282.277777777777,72
59635,66,4381.5,62.5,3,3,5,not,2020-11-26T18:41:21Z,61.5,5282.277777777777,68.5
59635,66,4597.5,63.5,3,3,6,not,2020-11-26T18:43:25Z,62.5,5282.277777777777,67
59635,66,7584,80,3,3,7,not,2020-11-26T18:45:26Z,63.5,5282.277777777777,66.3
59635,66,4809.5,64.5,3,3,8,not,2020-11-26T18:47:22Z,80,5282.277777777777,68.58333333333333
59635,66,5120,66,3,3,9,not,2020-11-26T18:50:29Z,64.5,5282.277777777777,68
59635,66,5017.5,65.5,3,3,10,not,2020-11-26T18:51:41Z,66,5282.277777777777,67.75
59635,66,5120,66,3,3,11,not,2020-11-26T18:53:23Z,65.5,5282.277777777777,67.5
59635,66,5120,66,3,3,12,not,2020-11-26T18:55:36Z,66,5282.277777777777,67.35
59635,66,5221.5,66.5,3,3,13,not,2020-11-26T18:57:50Z,66,5282.277777777777,67.22727272727273
59635,66,5322,67,3,3,14,not,2020-11-26T18:59:23Z,66.5,5282.277777777777,67.16666666666667
59635,66,5421.5,67.5,3,3,15,not,2020-11-26T19:01:36Z,67,5282.277777777777,67.15384615384616
59635,66,5322,67,3,3,16,not,2020-11-26T19:03:20Z,67.5,5282.277777777777,67.17857142857143
59635,66,5520,68,3,3,17,not,2020-11-26T19:05:35Z,67,5282.277777777777,67.16666666666667
59635,66,5617.5,68.5,3,3,18,not,2020-11-26T19:07:59Z,68,5282.277777777777,67.21875
59635,66,5714,69,3,3,19,not,2020-11-26T19:10:27Z,68.5,5282.277777777777,67.29411764705883
59635,66,5809.5,69.5,3,3,20,not,2020-11-26T19:11:23Z,69,5282.277777777777,67.38888888888889
64650,55,5263,69,3,4,3,randomly,2020-11-26T18:37:39Z,61.5,3568.6470588235293,61.5
64650,60,7087.5,77.5,3,3,4,randomly,2020-11-26T18:39:47Z,69,3568.6470588235293,65.25
64650,60,4650,65,3,1,5,randomly,2020-11-26T18:41:43Z,77.5,3568.6470588235293,69.33333333333333
64650,55,6937.5,77.5,3,4,6,randomly,2020-11-26T18:43:30Z,65,3568.6470588235293,68.25
64650,60,3972,62,3,3,7,randomly,2020-11-26T18:45:55Z,77.5,3568.6470588235293,70.1
64650,70,4537.5,62.5,3,2,8,randomly,2020-11-26T18:47:35Z,62,3568.6470588235293,68.75
64650,65,2195.5,53.5,3,0,9,randomly,2020-11-26T18:49:36Z,62.5,3568.6470588235293,67.85714285714286
64650,60,900,50,3,3,11,randomly,2020-11-26T18:53:45Z,55,3568.6470588235293,66.25
64650,55,763,51,3,3,12,randomly,2020-11-26T18:55:35Z,50,3568.6470588235293,64.44444444444444
64650,50,737.5,52.5,3,2,13,randomly,2020-11-26T18:57:23Z,51,3568.6470588235293,63.1
64650,60,3258,59,3,0,14,randomly,2020-11-26T18:59:46Z,52.5,3568.6470588235293,62.13636363636363
64650,70,3552,58,3,0,15,randomly,2020-11-26T19:01:33Z,59,3568.6470588235293,61.875
64650,65,1937.5,52.5,3,0,16,randomly,2020-11-26T19:03:22Z,58,3568.6470588235293,61.57692307692308
64650,55,1603,54,3,3,17,randomly,2020-11-26T19:05:35Z,52.5,3568.6470588235293,60.92857142857143
64650,58,6400,74,3,1,18,randomly,2020-11-26T19:07:35Z,54,3568.6470588235293,60.46666666666667
64650,50,3685.5,63.5,3,2,19,randomly,2020-11-26T19:10:01Z,74,3568.6470588235293,61.3125
64650,65,3187.5,57.5,3,1,20,randomly,2020-11-26T19:11:32Z,63.5,3568.6470588235293,61.44117647058823
69867,70,4325.5,61.5,3,4,3,randomly,2020-11-26T18:38:23Z,60,3689.0555555555557,60
69867,50,0,50,3,4,4,randomly,2020-11-26T18:40:04Z,61.5,3689.0555555555557,60.75
69867,66,6794,75,3,4,5,randomly,2020-11-26T18:41:47Z,50,3689.0555555555557,57.166666666666664
69867,55,4375,65,3,3,6,randomly,2020-11-26T18:43:55Z,75,3689.0555555555557,61.625
69867,60,3500,60,3,2,7,randomly,2020-11-26T18:45:45Z,65,3689.0555555555557,62.3
69867,50,5737.5,72.5,3,2,8,randomly,2020-11-26T18:48:13Z,60,3689.0555555555557,61.916666666666664
69867,50,3058,61,3,0,9,randomly,2020-11-26T18:49:41Z,72.5,3689.0555555555557,63.42857142857143
69867,50,4169.5,65.5,3,0,10,randomly,2020-11-26T18:51:22Z,61,3689.0555555555557,63.125
69867,50,4050,65,3,0,11,randomly,2020-11-26T18:53:49Z,65.5,3689.0555555555557,63.388888888888886
69867,50,1025.5,53.5,3,3,12,randomly,2020-11-26T18:55:30Z,65,3689.0555555555557,63.55
69867,50,6250,75,3,3,13,randomly,2020-11-26T18:57:28Z,53.5,3689.0555555555557,62.63636363636363
69867,50,7018,79,3,1,14,randomly,2020-11-26T18:59:59Z,75,3689.0555555555557,63.666666666666664
69867,60,4202,63,3,0,15,randomly,2020-11-26T19:01:25Z,79,3689.0555555555557,64.84615384615384
69867,55,1187.5,52.5,3,1,16,randomly,2020-11-26T19:03:27Z,63,3689.0555555555557,64.71428571428571
69867,50,2137.5,57.5,3,2,17,randomly,2020-11-26T19:05:30Z,52.5,3689.0555555555557,63.9
69867,50,3437.5,62.5,3,2,18,randomly,2020-11-26T19:07:27Z,57.5,3689.0555555555557,63.5
69867,50,3685.5,63.5,3,2,19,randomly,2020-11-26T19:09:39Z,62.5,3689.0555555555557,63.44117647058823
69867,50,1450,55,3,3,20,randomly,2020-11-26T19:11:25Z,63.5,3689.0555555555557,63.44444444444444
82346,65,6337.5,72.5,3,3,3,randomly,2020-11-26T18:37:55Z,52.5,4350.5,52.5
82346,100,2987.5,52.5,3,0,4,randomly,2020-11-26T18:40:40Z,72.5,4350.5,62.5
82346,98,5776,70,3,2,5,randomly,2020-11-26T18:42:18Z,52.5,4350.5,59.166666666666664
82346,98,2496,50,3,1,6,randomly,2020-11-26T18:43:50Z,70,4350.5,61.875
82346,99,5355,67,3,4,7,randomly,2020-11-26T18:45:22Z,50,4350.5,59.5
82346,77,3151,55,3,4,8,randomly,2020-11-26T18:47:56Z,67,4350.5,60.75
95375,55,3049.5,59.5,3,0,3,assortatively,2020-11-26T18:37:54Z,65,4678.402777777777,65
95375,55,4375,65,3,0,4,assortatively,2020-11-26T18:39:42Z,59.5,4678.402777777777,62.25
95375,55,4259.5,64.5,3,0,5,assortatively,2020-11-26T18:41:36Z,65,4678.402777777777,63.166666666666664
95375,58,5093.5,67.5,3,0,6,assortatively,2020-11-26T18:43:36Z,64.5,4678.402777777777,63.5
95375,58,3856,62,3,0,7,assortatively,2020-11-26T18:45:28Z,67.5,4678.402777777777,64.3
95375,57,2683.5,57.5,3,0,8,assortatively,2020-11-26T18:47:36Z,62,4678.402777777777,63.916666666666664
95375,56,1819.5,54.5,3,0,9,assortatively,2020-11-26T18:49:28Z,57.5,4678.402777777777,63
95375,55,1739.5,54.5,3,1,10,assortatively,2020-11-26T18:52:03Z,54.5,4678.402777777777,61.9375
95375,51,3511.5,62.5,3,1,11,assortatively,2020-11-26T18:53:43Z,54.5,4678.402777777777,61.111111111111114
95375,52,5946,73,3,0,12,assortatively,2020-11-26T18:55:35Z,62.5,4678.402777777777,61.25
95375,55,7787.5,82.5,3,0,13,assortatively,2020-11-26T18:57:39Z,73,4678.402777777777,62.31818181818182
95375,58,6768,76,3,0,14,assortatively,2020-11-26T18:59:42Z,82.5,4678.402777777777,64
95375,60,8035.5,83.5,3,0,15,assortatively,2020-11-26T19:01:30Z,76,4678.402777777777,64.92307692307692
95375,61,4699,65,3,0,16,assortatively,2020-11-26T19:03:41Z,83.5,4678.402777777777,66.25
95375,61.5,5252.75,67.5,3,0,17,assortatively,2020-11-26T19:05:40Z,65,4678.402777777777,66.16666666666667
95375,62,4960,66,3,0,18,assortatively,2020-11-26T19:07:56Z,67.5,4678.402777777777,66.25
95375,60,5187.5,67.5,3,1,19,assortatively,2020-11-26T19:09:39Z,66,4678.402777777777,66.23529411764706
95375,60,5187.5,67.5,3,1,20,assortatively,2020-11-26T19:11:27Z,67.5,4678.402777777777,66.30555555555556
95462,50,4050,65,3,0,3,randomly,2020-11-26T18:37:40Z,51.5,3358.0555555555557,51.5
95462,50,3058,61,3,2,4,randomly,2020-11-26T18:39:32Z,65,3358.0555555555557,58.25
95462,50,5418,71,3,3,5,randomly,2020-11-26T18:41:26Z,61,3358.0555555555557,59.166666666666664
95462,50,6048,74,3,1,6,randomly,2020-11-26T18:43:23Z,71,3358.0555555555557,62.125
95462,50,6545.5,76.5,3,0,7,randomly,2020-11-26T18:45:38Z,74,3358.0555555555557,64.5
95462,50,4865.5,68.5,3,4,8,randomly,2020-11-26T18:47:36Z,76.5,3358.0555555555557,66.5
95462,50,1728,56,3,2,9,randomly,2020-11-26T18:49:27Z,68.5,3358.0555555555557,66.78571428571429
95462,50,2405.5,58.5,3,4,10,randomly,2020-11-26T18:51:36Z,56,3358.0555555555557,65.4375
95462,50,1450,55,3,3,11,randomly,2020-11-26T18:53:19Z,58.5,3358.0555555555557,64.66666666666667
95462,50,2538,59,3,0,12,randomly,2020-11-26T18:55:20Z,55,3358.0555555555557,63.7
95462,50,1168,54,3,0,13,randomly,2020-11-26T18:57:28Z,59,3358.0555555555557,63.27272727272727
95462,50,3808,64,3,0,14,randomly,2020-11-26T18:59:23Z,54,3358.0555555555557,62.5
95462,50,1728,56,3,2,15,randomly,2020-11-26T19:01:24Z,64,3358.0555555555557,62.61538461538461
95462,50,1450,55,3,1,16,randomly,2020-11-26T19:03:29Z,56,3358.0555555555557,62.142857142857146
95462,50,2137.5,57.5,3,2,17,randomly,2020-11-26T19:05:20Z,55,3358.0555555555557,61.666666666666664
95462,50,2272,58,3,0,18,randomly,2020-11-26T19:07:23Z,57.5,3358.0555555555557,61.40625
95462,50,2137.5,57.5,3,1,19,randomly,2020-11-26T19:09:24Z,58,3358.0555555555557,61.205882352941174
95462,50,7637.5,82.5,3,0,20,randomly,2020-11-26T19:11:25Z,57.5,3358.0555555555557,61
