oneid,choice,profit,ave_other,size,whichgroup,round,rematching,time
5925,50,,,,2,1,not,2021-03-31 11:30:54
5925,50,4050,65,3,0,2,not,2021-03-31 11:35:36
5925,50,2538,59,3,0,3,not,2021-03-31 11:37:26
5925,50,1025.5,53.5,3,0,4,not,2021-03-31 11:39:21
5925,50,445.5,51.5,3,0,5,not,2021-03-31 11:41:23
5925,70,1600,50,3,0,6,not,2021-03-31 11:43:27
5925,60,1855.5,53.5,3,0,7,not,2021-03-31 11:45:32
5925,60,1452,52,3,0,8,not,2021-03-31 11:47:35
5925,65,1275,50,3,0,9,not,2021-03-31 11:49:52
5925,60,2119.5,54.5,3,0,10,not,2021-03-31 11:51:38
5925,60,2250,55,3,0,11,not,2021-03-31 11:53:23
5925,60,2635.5,56.5,3,0,12,not,2021-03-31 11:56:17
5925,60,2379.5,55.5,3,0,13,not,2021-03-31 11:57:27
5925,60,2250,55,3,0,14,not,2021-03-31 11:59:27
5925,60,2508,56,3,0,15,not,2021-03-31 12:01:38
5925,60,2762,57,3,0,16,not,2021-03-31 12:03:59
5925,100,4055.5,58.5,3,0,17,not,2021-03-31 12:06:13
5925,100,4055.5,58.5,3,0,18,not,2021-03-31 12:08:07
5925,100,4138,59,3,0,19,not,2021-03-31 12:09:40
5925,70,4000,60,3,0,20,not,2021-03-31 12:11:36
6185,50.25,,,,3,1,assortatively,2021-03-31 11:31:45
6185,50,2538,59,3,4,2,assortatively,2021-03-31 11:35:30
6185,50.5,1494.75,55,3,0,3,assortatively,2021-03-31 11:38:22
6185,60.25,919.9375,50,3,1,4,assortatively,2021-03-31 11:40:09
6185,55.25,3316.6875,60.5,3,4,5,assortatively,2021-03-31 11:41:34
6185,55.25,1486.1875,53.5,3,2,6,assortatively,2021-03-31 11:43:47
6185,53.25,1035.6875,52.5,3,1,7,assortatively,2021-03-31 11:45:49
6185,53,1013.5,52.5,3,1,8,assortatively,2021-03-31 11:48:02
6185,52,780,52,3,1,9,assortatively,2021-03-31 11:49:35
6185,52.25,1334.96875,53.875,3,2,10,assortatively,2021-03-31 11:52:05
6185,53,1435,54,3,1,11,assortatively,2021-03-31 11:53:53
6185,54,1381.5,53.5,3,2,12,assortatively,2021-03-31 11:55:43
6185,53.5,808.59375,51.625,3,2,13,assortatively,2021-03-31 11:57:51
6185,52.25,946.1875,52.5,3,2,14,assortatively,2021-03-31 11:59:36
6185,53,327.71875,50.125,3,1,15,assortatively,2021-03-31 12:01:27
6185,51.75,1325.9375,54,3,2,16,assortatively,2021-03-31 12:03:46
6185,72,6787.5,74.5,3,6,17,assortatively,2021-03-31 12:05:40
6185,73,6391,72,3,4,18,assortatively,2021-03-31 12:07:39
6185,72,6036,70,3,4,19,assortatively,2021-03-31 12:09:34
6185,70,4218,61,3,4,20,assortatively,2021-03-31 12:11:27
6393,60,,,,2,1,randomly,2021-03-31 11:30:41
6393,70,8800,80,2,5,2,randomly,2021-03-31 11:35:26
6393,75,6949.5,75.5,3,1,3,randomly,2021-03-31 11:37:34
6393,70,6688,74,3,2,4,randomly,2021-03-31 11:39:40
6393,65,7187.5,55,2,5,5,randomly,2021-03-31 11:41:33
6393,75,6875,50,2,5,6,randomly,2021-03-31 11:43:26
6393,70,2850,55,3,3,7,randomly,2021-03-31 11:45:36
6393,65,3187.5,57.5,3,3,8,randomly,2021-03-31 11:47:47
6393,55,2923,59,3,4,9,randomly,2021-03-31 11:49:31
6393,60,6282,73,3,2,10,randomly,2021-03-31 11:51:45
6393,75,6567,73,3,1,11,randomly,2021-03-31 11:53:38
6393,70,1600,50,3,4,12,randomly,2021-03-31 11:55:46
6393,75,5637.5,67.5,3,2,13,randomly,2021-03-31 11:57:26
6393,70,3552,58,3,3,14,randomly,2021-03-31 11:59:38
6393,55,1875,55,3,2,15,randomly,2021-03-31 12:01:31
6393,50,3058,61,3,4,16,randomly,2021-03-31 12:03:32
6393,55,2275.5,56.5,3,4,17,randomly,2021-03-31 12:05:33
6393,55,5369.5,69.5,3,1,18,randomly,2021-03-31 12:07:26
6393,55,4937.5,67.5,3,1,19,randomly,2021-03-31 12:09:23
6393,55,4259.5,64.5,3,1,20,randomly,2021-03-31 12:11:41
6490,99,,,,0,1,assortatively,2021-03-31 11:30:58
6490,76,8851.5,85,2,7,2,assortatively,2021-03-31 11:35:25
6490,88,5740,68,3,6,3,assortatively,2021-03-31 11:37:19
6490,76,7231.5,77.5,3,6,4,assortatively,2021-03-31 11:39:22
6490,87,5271,65,3,5,5,assortatively,2021-03-31 11:41:22
6490,98,5106,65,3,6,6,assortatively,2021-03-31 11:43:28
6490,54,6901.5,77.5,3,6,7,assortatively,2021-03-31 11:45:45
6490,79,2881.5,53.5,3,2,8,assortatively,2021-03-31 11:47:30
6490,57,6551,75,3,6,9,assortatively,2021-03-31 11:49:19
6490,65,4555.5,63.5,3,3,10,assortatively,2021-03-31 11:51:24
6490,98,5248,66,3,4,11,assortatively,2021-03-31 11:53:25
6490,96,6434,75,3,6,12,assortatively,2021-03-31 11:55:26
6490,98,6073.5,72.5,3,6,13,assortatively,2021-03-31 11:57:27
6490,75,7167,77,3,6,14,assortatively,2021-03-31 11:59:36
6490,61,6679,75,3,5,15,assortatively,2021-03-31 12:01:38
6490,55,1152.46875,52.375,3,2,16,assortatively,2021-03-31 12:03:44
6490,82,3520,56,3,2,17,assortatively,2021-03-31 12:05:33
6490,73,8483.5,75,2,6,18,assortatively,2021-03-31 12:07:27
6490,68,6316,72,3,4,19,assortatively,2021-03-31 12:09:25
6490,74,5712,68,3,3,20,assortatively,2021-03-31 12:11:33
6685,55,,,,6,1,randomly,2021-03-31 11:30:25
6685,66,4914,65,3,0,2,randomly,2021-03-31 11:36:35
6685,66,7584,80,3,1,3,randomly,2021-03-31 11:37:26
6685,66,6794,75,3,3,4,randomly,2021-03-31 11:39:21
6685,66,2634,55,3,3,5,randomly,2021-03-31 11:41:21
6685,66,7357.5,78.5,3,4,6,randomly,2021-03-31 11:43:20
6685,66,9354,90,2,5,7,randomly,2021-03-31 11:45:22
6685,66,6624,74,3,1,8,randomly,2021-03-31 11:47:24
6685,66,4597.5,63.5,3,0,9,randomly,2021-03-31 11:49:21
6685,66,5904,70,3,2,10,randomly,2021-03-31 11:51:20
6685,66,5421.5,67.5,3,0,11,randomly,2021-03-31 11:53:26
6685,66,6794,50,2,5,12,randomly,2021-03-31 11:55:33
6685,66,1344,50,3,0,13,randomly,2021-03-31 11:57:27
6685,66,3001.5,56.5,3,4,14,randomly,2021-03-31 11:59:20
6685,66,7657.5,61,2,5,15,randomly,2021-03-31 12:01:34
6685,66,5617.5,68.5,3,3,16,randomly,2021-03-31 12:03:25
6685,66,7357.5,78.5,3,3,17,randomly,2021-03-31 12:05:19
6685,66,4381.5,62.5,3,3,18,randomly,2021-03-31 12:07:43
6685,66,8864,80,2,5,19,randomly,2021-03-31 12:09:23
6685,66,3824,60,3,3,20,randomly,2021-03-31 12:11:32
8278,50,,,,4,1,not,2021-03-31 11:30:18
8278,60,3500,60,3,0,2,not,2021-03-31 11:35:33
8278,58,2106,55,3,0,3,not,2021-03-31 11:37:39
8278,55,763,51,3,0,4,not,2021-03-31 11:39:27
8278,51,395,51,3,0,5,not,2021-03-31 11:41:29
8278,50,2800,60,3,0,6,not,2021-03-31 11:43:22
8278,55,2143,56,3,0,7,not,2021-03-31 11:45:26
8278,51,1951.5,56.5,3,0,8,not,2021-03-31 11:47:31
8278,50,2137.5,57.5,3,0,9,not,2021-03-31 11:49:27
8278,54,2461.5,57.5,3,0,10,not,2021-03-31 11:51:27
8278,55,2537.5,57.5,3,0,11,not,2021-03-31 11:53:28
8278,57,2811,58,3,0,12,not,2021-03-31 11:55:28
8278,55,2667,58,3,0,13,not,2021-03-31 11:57:24
8278,55,2537.5,57.5,3,0,14,not,2021-03-31 11:59:29
8278,56,2740,58,3,0,15,not,2021-03-31 12:01:26
8278,57,2937.5,58.5,3,0,16,not,2021-03-31 12:03:27
8278,60,7255.5,78.5,3,0,17,not,2021-03-31 12:05:29
8278,59,7315,79,3,0,18,not,2021-03-31 12:07:52
8278,58,7456,80,3,0,19,not,2021-03-31 12:09:25
8278,60,4650,65,3,0,20,not,2021-03-31 12:11:40
8454,56,,,,5,1,randomly,2021-03-31 11:31:36
8454,65,4875,65,3,1,2,randomly,2021-03-31 11:35:25
8454,60,2887.5,57.5,3,2,3,randomly,2021-03-31 11:38:22
8454,70,4000,60,3,4,4,randomly,2021-03-31 11:39:26
8454,70,7385.5,78.5,3,4,5,randomly,2021-03-31 11:41:39
8454,67,7291,78,3,4,6,randomly,2021-03-31 11:43:36
8454,67,7213.5,77.5,3,2,7,randomly,2021-03-31 11:45:36
8454,63,6817.5,75.5,3,1,8,randomly,2021-03-31 11:47:29
8454,75,8437.5,75,2,5,9,randomly,2021-03-31 11:49:30
8454,75,6159.5,70.5,3,1,10,randomly,2021-03-31 11:51:26
8454,69,4069.5,60.5,3,3,11,randomly,2021-03-31 11:53:56
8454,55,9363,94,3,0,12,randomly,2021-03-31 11:56:02
8454,75,5637.5,67.5,3,2,13,randomly,2021-03-31 11:57:52
8454,58,3497.5,60.5,3,4,14,randomly,2021-03-31 11:59:26
8454,70,8537.5,87.5,3,1,15,randomly,2021-03-31 12:01:38
8454,70,8800,80,2,5,16,randomly,2021-03-31 12:03:34
8454,70,7008,76,3,2,17,randomly,2021-03-31 12:05:27
8454,70,7669.5,61,2,5,18,randomly,2021-03-31 12:07:33
8454,70,8250,85,3,3,19,randomly,2021-03-31 12:09:36
8454,70,3552,58,3,3,20,randomly,2021-03-31 12:11:30
9410,70,,,,4,1,not,2021-03-31 11:31:37
9410,70,2850,55,3,0,2,not,2021-03-31 11:37:07
9410,60,1988,54,3,0,3,not,2021-03-31 11:37:39
9410,52,923.5,52.5,3,0,4,not,2021-03-31 11:40:08
9410,52,343.5,50.5,3,0,5,not,2021-03-31 11:42:18
9410,50,2800,60,3,0,6,not,2021-03-31 11:43:36
9410,52,2303.5,57.5,3,0,7,not,2021-03-31 11:45:30
9410,53,1847.5,55.5,3,0,8,not,2021-03-31 11:47:49
9410,50,2137.5,57.5,3,0,9,not,2021-03-31 11:49:45
9410,55,2407,57,3,0,10,not,2021-03-31 11:52:07
9410,55,2537.5,57.5,3,0,11,not,2021-03-31 11:54:16
9410,56,2867.5,58.5,3,0,12,not,2021-03-31 11:56:40
9410,56,2611.5,57.5,3,0,13,not,2021-03-31 11:57:54
9410,55,2537.5,57.5,3,0,14,not,2021-03-31 11:59:23
9410,56,2740,58,3,0,15,not,2021-03-31 12:01:35
9410,57,2937.5,58.5,3,0,16,not,2021-03-31 12:03:47
9410,57,7431,80,3,0,17,not,2021-03-31 12:06:27
9410,58,7373.5,79.5,3,0,18,not,2021-03-31 12:07:34
9410,60,7338,79,3,0,19,not,2021-03-31 12:09:30
9410,60,4650,65,3,0,20,not,2021-03-31 12:12:07
16013,70,,,,2,1,assortatively,2021-03-31 11:31:51
16013,60,6187.5,72.5,3,6,2,assortatively,2021-03-31 11:35:38
16013,65,1937.5,52.5,3,4,3,assortatively,2021-03-31 11:38:03
16013,55,4603,66,3,4,4,assortatively,2021-03-31 11:39:55
16013,54,2064,56,3,1,5,assortatively,2021-03-31 11:41:55
16013,70,4745.5,63.5,3,1,6,assortatively,2021-03-31 11:43:42
16013,75,5547,67,3,6,7,assortatively,2021-03-31 11:45:51
16013,75,6075,70,3,6,8,assortatively,2021-03-31 11:48:02
16013,75,4305.46875,60.625,3,5,9,assortatively,2021-03-31 11:49:29
16013,75,6075,70,3,6,10,assortatively,2021-03-31 11:51:45
16013,74,6874,75,3,6,11,assortatively,2021-03-31 11:53:52
16013,73,5963.5,69.5,3,5,12,assortatively,2021-03-31 11:55:45
16013,72,6546,73,3,5,13,assortatively,2021-03-31 11:57:35
16013,71,6451.5,72.5,3,5,14,assortatively,2021-03-31 11:59:38
16013,70,6688,74,3,4,15,assortatively,2021-03-31 12:01:41
16013,70,6728.875,74.25,3,4,16,assortatively,2021-03-31 12:03:46
16013,50,5033.875,69.25,3,4,17,assortatively,2021-03-31 12:05:37
16013,50,37.46875,50.125,3,1,18,assortatively,2021-03-31 12:08:00
16013,50,0,50,3,0,19,assortatively,2021-03-31 12:10:14
16013,50,0,50,3,0,20,assortatively,2021-03-31 12:12:09
16746,50,,,,3,1,randomly,2021-03-31 11:30:42
16746,70,4537.5,62.5,3,1,2,randomly,2021-03-31 11:35:20
16746,65,2575,55,3,2,3,randomly,2021-03-31 11:37:24
16746,50,5200,70,3,4,4,randomly,2021-03-31 11:39:44
16746,50,4050,65,3,2,5,randomly,2021-03-31 11:41:41
16746,50,2137.5,57.5,3,1,6,randomly,2021-03-31 11:43:46
16746,60,3500,60,3,3,7,randomly,2021-03-31 11:45:39
16746,50,5525.5,71.5,3,2,8,randomly,2021-03-31 11:47:41
16746,66,2257.5,53.5,3,4,9,randomly,2021-03-31 11:49:28
16746,50,4050,65,3,0,10,randomly,2021-03-31 11:51:44
16746,56,6514,50,2,5,11,randomly,2021-03-31 11:53:20
16746,50,8285.5,86.5,3,3,12,randomly,2021-03-31 11:55:39
16746,55,8249.5,85.5,3,4,13,randomly,2021-03-31 11:57:43
16746,66,8274,70,2,5,14,randomly,2021-03-31 11:59:39
16746,56,2994,59,3,0,15,randomly,2021-03-31 12:01:43
16746,52,6443.5,75.5,3,3,16,randomly,2021-03-31 12:03:25
16746,51,7671.5,82.5,3,1,17,randomly,2021-03-31 12:05:34
16746,51,5581.5,71.5,3,1,18,randomly,2021-03-31 12:08:05
16746,55,4937.5,67.5,3,1,19,randomly,2021-03-31 12:09:40
16746,66,5322,67,3,4,20,randomly,2021-03-31 12:11:39
20865,55,,,,2,1,not,2021-03-31 11:30:49
21538,50,,,,5,1,randomly,2021-03-31 11:30:50
21538,50,5842,73,3,0,2,randomly,2021-03-31 11:35:22
21538,50,3437.5,62.5,3,2,3,randomly,2021-03-31 11:37:24
21538,50,7722,83,3,3,4,randomly,2021-03-31 11:39:34
21538,50,6737.5,77.5,3,1,5,randomly,2021-03-31 11:41:24
21538,50,6737.5,77.5,3,3,6,randomly,2021-03-31 11:43:32
21538,50,5737.5,72.5,3,1,7,randomly,2021-03-31 11:45:38
21538,50,4050,65,3,3,8,randomly,2021-03-31 11:47:23
21538,50,2800,60,3,2,9,randomly,2021-03-31 11:49:44
21538,50,4050,65,3,0,10,randomly,2021-03-31 11:52:11
21538,50,6832,56,2,5,11,randomly,2021-03-31 11:53:30
21538,50,2800,60,3,4,12,randomly,2021-03-31 11:55:30
21538,50,2272,58,3,0,13,randomly,2021-03-31 11:57:28
21538,50,8285.5,86.5,3,0,14,randomly,2021-03-31 11:59:46
21538,50,3312,62,3,0,15,randomly,2021-03-31 12:01:44
21538,50,2800,60,3,1,16,randomly,2021-03-31 12:03:53
21538,50,6448,76,3,0,17,randomly,2021-03-31 12:05:19
21538,50,6250,75,3,2,18,randomly,2021-03-31 12:07:20
21538,50,0,50,3,0,19,randomly,2021-03-31 12:09:19
21538,50,9137.5,92.5,3,0,20,randomly,2021-03-31 12:11:23
22347,62,,,,0,1,not,2021-03-31 11:30:34
22347,75,8175,70,2,1,2,not,2021-03-31 11:36:09
22347,75,8437.5,75,2,1,3,not,2021-03-31 11:37:39
22347,80,6850,50,2,1,4,not,2021-03-31 11:39:30
22347,65,8587.5,75,2,1,5,not,2021-03-31 11:41:32
22347,60,8587.5,75,2,1,6,not,2021-03-31 11:43:29
22347,55,8537.5,75,2,1,7,not,2021-03-31 11:45:35
22347,60,6650,50,2,1,8,not,2021-03-31 11:47:48
22347,50,7200,60,2,1,9,not,2021-03-31 11:49:39
22347,55,6475,50,2,1,10,not,2021-03-31 11:51:32
22347,60,6650,50,2,1,11,not,2021-03-31 11:53:51
22347,50,7200,60,2,1,12,not,2021-03-31 11:55:24
22347,50,7200,60,2,1,13,not,2021-03-31 11:57:28
22347,55,7375,60,2,1,14,not,2021-03-31 11:59:52
22347,60,7500,60,2,1,15,not,2021-03-31 12:01:32
22347,55,7375,60,2,1,16,not,2021-03-31 12:03:35
22347,60,7500,60,2,1,17,not,2021-03-31 12:05:51
22347,50,7200,60,2,1,18,not,2021-03-31 12:07:25
22347,60,6650,50,2,1,19,not,2021-03-31 12:09:31
22347,55,7375,60,2,1,20,not,2021-03-31 12:11:31
23437,60,,,,5,1,not,2021-03-31 11:30:33
23437,70,8537.5,75,2,1,2,not,2021-03-31 11:35:43
23437,75,8437.5,75,2,1,3,not,2021-03-31 11:38:35
23437,50,8800,80,2,1,4,not,2021-03-31 11:39:36
23437,75,7887.5,65,2,1,5,not,2021-03-31 11:41:45
23437,75,7575,60,2,1,6,not,2021-03-31 11:43:37
23437,75,7237.5,55,2,1,7,not,2021-03-31 11:45:34
23437,50,7200,60,2,1,8,not,2021-03-31 11:47:40
23437,60,6650,50,2,1,9,not,2021-03-31 11:49:49
23437,50,6737.5,55,2,1,10,not,2021-03-31 11:51:31
23437,50,7200,60,2,1,11,not,2021-03-31 11:53:38
23437,60,6650,50,2,1,12,not,2021-03-31 11:55:50
23437,60,6650,50,2,1,13,not,2021-03-31 11:58:09
23437,60,7087.5,55,2,1,14,not,2021-03-31 11:59:26
23437,60,7500,60,2,1,15,not,2021-03-31 12:02:13
23437,60,7087.5,55,2,1,16,not,2021-03-31 12:03:45
23437,60,7500,60,2,1,17,not,2021-03-31 12:06:25
23437,60,6650,50,2,1,18,not,2021-03-31 12:08:13
23437,50,7200,60,2,1,19,not,2021-03-31 12:10:03
23437,60,7087.5,55,2,1,20,not,2021-03-31 12:12:52
24966,60,,,,3,1,randomly,2021-03-31 11:30:37
24966,80,3892,58,3,0,2,randomly,2021-03-31 11:35:38
24966,90,5250,65,3,3,3,randomly,2021-03-31 11:37:55
24966,100,3972,58,3,3,4,randomly,2021-03-31 11:39:45
24966,50,4050,65,3,2,5,randomly,2021-03-31 11:41:43
24966,80,3787.5,57.5,3,0,6,randomly,2021-03-31 11:43:28
24966,50,7200,80,3,0,7,randomly,2021-03-31 11:45:26
24966,68,4463.5,62.5,3,2,8,randomly,2021-03-31 11:47:44
24966,50,7465.5,81.5,3,3,9,randomly,2021-03-31 11:49:34
24966,80,5772,68,3,1,10,randomly,2021-03-31 11:51:42
24966,80,5250,65,3,2,11,randomly,2021-03-31 11:53:33
24966,100,5875.5,71.5,3,0,12,randomly,2021-03-31 11:55:40
24966,100,6487.5,77.5,3,3,13,randomly,2021-03-31 11:57:31
24966,100,6700,80,3,1,14,randomly,2021-03-31 11:59:38
24966,100,5987.5,72.5,3,1,15,randomly,2021-03-31 12:01:48
24966,100,5578,69,3,0,16,randomly,2021-03-31 12:03:40
24966,88,5586,67,3,2,17,randomly,2021-03-31 12:05:34
24966,88,5507.5,66.5,3,0,18,randomly,2021-03-31 12:07:24
24966,80,7842,66,2,5,19,randomly,2021-03-31 12:09:32
24966,50,2137.5,57.5,3,2,20,randomly,2021-03-31 12:11:23
29417,50,,,,3,1,randomly,2021-03-31 11:31:08
29417,55,4937.5,67.5,3,2,2,randomly,2021-03-31 11:35:32
29417,55,7787.5,82.5,3,3,3,randomly,2021-03-31 11:37:35
29417,55,8875,90,3,1,4,randomly,2021-03-31 11:39:35
29417,55,3299.5,60.5,3,3,5,randomly,2021-03-31 11:41:29
29417,55,1875,55,3,1,6,randomly,2021-03-31 11:43:28
29417,50,5737.5,72.5,3,1,7,randomly,2021-03-31 11:45:31
29417,50,4050,65,3,0,8,randomly,2021-03-31 11:47:24
29417,55,2537.5,57.5,3,2,9,randomly,2021-03-31 11:49:26
29417,50,1450,55,3,4,10,randomly,2021-03-31 11:51:25
29417,50,5200,70,3,3,11,randomly,2021-03-31 11:53:30
29417,50,2800,60,3,4,12,randomly,2021-03-31 11:55:35
29417,60,6650,75,3,2,13,randomly,2021-03-31 11:57:33
29417,70,8002,66,2,5,14,randomly,2021-03-31 11:59:33
29417,60,1587.5,52.5,3,2,15,randomly,2021-03-31 12:01:34
29417,60,2250,55,3,1,16,randomly,2021-03-31 12:03:40
29417,65,6859.5,75.5,3,1,17,randomly,2021-03-31 12:05:28
29417,80,6179.5,70.5,3,0,18,randomly,2021-03-31 12:07:27
29417,75,5175,65,3,4,19,randomly,2021-03-31 12:09:32
29417,55,8175,70,2,5,20,randomly,2021-03-31 12:11:24
31041,50,,,,0,1,assortatively,2021-03-31 11:31:04
31041,52,196,50,3,2,2,assortatively,2021-03-31 11:35:44
31041,70,6850,75,3,2,3,assortatively,2021-03-31 11:37:37
31041,60,5700,70,3,5,4,assortatively,2021-03-31 11:39:42
31041,55,4937.5,67.5,3,3,5,assortatively,2021-03-31 11:41:37
31041,52,1660.46875,55.125,3,2,6,assortatively,2021-03-31 11:43:48
31041,50,1203.46875,54.125,3,1,7,assortatively,2021-03-31 11:46:02
31041,51,136.21875,50.125,3,0,8,assortatively,2021-03-31 11:47:57
31041,53,727.5,51.5,3,1,9,assortatively,2021-03-31 11:50:28
31041,51.5,1373.875,54.25,3,2,10,assortatively,2021-03-31 11:51:43
31041,53,1435,54,3,1,11,assortatively,2021-03-31 11:53:45
31041,53,1435,54,3,2,12,assortatively,2021-03-31 11:55:59
31041,52,232.96875,50.125,3,1,13,assortatively,2021-03-31 11:57:50
31041,54,853.21875,51.625,3,2,14,assortatively,2021-03-31 12:00:36
31041,50.5,3096.75,61,3,2,15,assortatively,2021-03-31 12:01:27
31041,51,284.46875,50.625,3,1,16,assortatively,2021-03-31 12:03:50
31041,50,6448,52,2,1,17,assortatively,2021-03-31 12:05:32
31041,55,475,50,3,0,18,assortatively,2021-03-31 12:07:52
31041,51,1951.5,56.5,3,2,19,assortatively,2021-03-31 12:10:02
31041,53,473.96875,50.625,3,1,20,assortatively,2021-03-31 12:12:11
32581,75,,,,5,1,assortatively,2021-03-31 11:31:52
32581,75,5175,65,3,6,2,assortatively,2021-03-31 11:35:37
32581,70,7162,77,3,6,3,assortatively,2021-03-31 11:38:11
32581,80,4300,60,3,5,4,assortatively,2021-03-31 11:39:40
32581,75,6366.375,71.75,3,6,5,assortatively,2021-03-31 11:41:33
32581,80,5772,68,3,5,6,assortatively,2021-03-31 11:44:18
32581,80,5159.5,64.5,3,6,7,assortatively,2021-03-31 11:45:40
32581,80,5687.5,67.5,3,6,8,assortatively,2021-03-31 11:47:28
32581,75,5363,66,3,6,9,assortatively,2021-03-31 11:49:29
32581,60,7087.5,77.5,3,6,10,assortatively,2021-03-31 11:51:30
32581,70,5149.5,65.5,3,3,11,assortatively,2021-03-31 11:53:36
32581,70,6178,71,3,5,12,assortatively,2021-03-31 11:55:34
32581,70,6265.5,71.5,3,4,13,assortatively,2021-03-31 11:57:32
32581,70,6850,75,3,4,14,assortatively,2021-03-31 11:59:21
32581,75,6325.5,71.5,3,4,15,assortatively,2021-03-31 12:01:22
32581,75,6075,70,3,5,16,assortatively,2021-03-31 12:03:23
32581,75,6723,74,3,5,17,assortatively,2021-03-31 12:05:28
32581,75,8335.5,73,2,6,18,assortatively,2021-03-31 12:07:24
32581,75,8437.5,75,2,6,19,assortatively,2021-03-31 12:09:30
32581,75,6487.5,72.5,3,5,20,assortatively,2021-03-31 12:11:35
34081,50,,,,2,1,assortatively,2021-03-31 11:31:11
34081,50,,,,3,2,assortatively,2021-03-31 11:35:56
39412,50.25,,,,1,1,not,2021-03-31 11:30:15
39412,51.5,2095.09375,56.875,3,2,2,not,2021-03-31 11:35:27
39412,51.5,913.59375,52.625,3,2,3,not,2021-03-31 11:38:04
39412,50.25,833.4375,52.75,3,2,4,not,2021-03-31 11:39:51
39412,50.25,579.46875,51.875,3,2,5,not,2021-03-31 11:41:27
39412,50.25,359.34375,51.125,3,2,6,not,2021-03-31 11:44:19
39412,50,371.875,51.25,3,2,7,not,2021-03-31 11:45:32
39412,50,371.875,51.25,3,2,8,not,2021-03-31 11:47:34
39412,51.5,625.09375,51.625,3,2,9,not,2021-03-31 11:49:32
39412,51,431.71875,51.125,3,2,10,not,2021-03-31 11:51:48
39412,50,223.875,50.75,3,2,11,not,2021-03-31 11:53:45
39412,50,298,51,3,2,12,not,2021-03-31 11:55:53
39412,50,408.71875,51.375,3,2,13,not,2021-03-31 11:57:36
39412,50,260.96875,50.875,3,2,14,not,2021-03-31 12:00:58
39412,50,298,51,3,2,15,not,2021-03-31 12:02:16
39412,50,334.96875,51.125,3,2,16,not,2021-03-31 12:03:24
39412,50,260.96875,50.875,3,2,17,not,2021-03-31 12:05:38
39412,50,628.46875,52.125,3,2,18,not,2021-03-31 12:07:27
39412,50,445.5,51.5,3,2,19,not,2021-03-31 12:10:00
39412,50,445.5,51.5,3,2,20,not,2021-03-31 12:11:29
39597,60,,,,0,1,randomly,2021-03-31 11:30:26
39597,50,3437.5,62.5,3,3,2,randomly,2021-03-31 11:35:37
39597,50,5200,70,3,4,3,randomly,2021-03-31 11:37:31
39597,50,6737.5,55,2,5,4,randomly,2021-03-31 11:39:34
39597,55,3299.5,60.5,3,3,5,randomly,2021-03-31 11:41:25
39597,60,5187.5,67.5,3,0,6,randomly,2021-03-31 11:43:32
39597,60,7658,81,3,2,7,randomly,2021-03-31 11:45:24
39597,50,5200,70,3,4,8,randomly,2021-03-31 11:47:25
39597,80,5515.5,66.5,3,3,9,randomly,2021-03-31 11:49:35
39597,60,900,50,3,4,10,randomly,2021-03-31 11:51:23
39597,50,4522,67,3,4,11,randomly,2021-03-31 11:53:31
39597,70,6850,75,3,1,12,randomly,2021-03-31 11:55:27
39597,66,7584,60,2,5,13,randomly,2021-03-31 11:57:30
39597,60,9900,100,3,1,14,randomly,2021-03-31 11:59:41
39597,50,7637.5,82.5,3,3,15,randomly,2021-03-31 12:01:36
39597,60,2250,55,3,1,16,randomly,2021-03-31 12:03:30
39597,50,2538,59,3,4,17,randomly,2021-03-31 12:05:30
39597,65,5969.5,70.5,3,4,18,randomly,2021-03-31 12:07:30
39597,70,5537.5,67.5,3,4,19,randomly,2021-03-31 12:09:26
39597,70,3322,57,3,1,20,randomly,2021-03-31 12:11:34
42248,50,,,,1,1,assortatively,2021-03-31 11:31:18
42248,50.5,6274.75,50,2,3,2,assortatively,2021-03-31 11:35:22
42248,50,8050,85,3,2,3,assortatively,2021-03-31 11:38:11
42248,60,900,50,3,0,4,assortatively,2021-03-31 11:40:02
42248,55,4937.5,67.5,3,3,5,assortatively,2021-03-31 11:41:29
42248,67,4951,65,3,1,6,assortatively,2021-03-31 11:43:38
42248,66.75,5346.9375,67,3,4,7,assortatively,2021-03-31 11:45:42
42248,67,4423.5,62.5,3,4,8,assortatively,2021-03-31 11:47:57
42248,62,5477.5,68.5,3,4,9,assortatively,2021-03-31 11:49:29
42248,64.75,4435.9375,63,3,4,10,assortatively,2021-03-31 11:51:56
42248,64,8002,83,3,4,11,assortatively,2021-03-31 11:53:48
42248,75,5269.5,65.5,3,3,12,assortatively,2021-03-31 11:55:37
42248,70,8425.5,86.5,3,6,13,assortatively,2021-03-31 11:57:42
42248,84.75,5359.6875,65.5,3,3,14,assortatively,2021-03-31 11:59:29
42248,70.25,7386.1875,78.5,3,6,15,assortatively,2021-03-31 12:01:23
42248,75.5,6328.75,71.5,3,4,16,assortatively,2021-03-31 12:03:39
42851,65,,,,1,1,randomly,2021-03-31 11:30:52
42851,65,4337.5,62.5,3,2,2,randomly,2021-03-31 11:36:18
42851,85,4655.5,61.5,3,0,3,randomly,2021-03-31 11:37:45
42851,68,6826,75,3,2,4,randomly,2021-03-31 11:39:52
42851,62,7913.5,82.5,3,4,5,randomly,2021-03-31 11:41:48
42851,55,5475,70,3,0,6,randomly,2021-03-31 11:43:27
42851,95,2475,50,3,1,7,randomly,2021-03-31 11:45:53
42851,75,3963,59,3,2,8,randomly,2021-03-31 11:47:27
42851,83,5271,65,3,3,9,randomly,2021-03-31 11:49:46
42851,61,7111.5,77.5,3,1,10,randomly,2021-03-31 11:51:58
42851,69,3391.5,57.5,3,4,11,randomly,2021-03-31 11:53:49
42851,57,5043.5,67.5,3,2,12,randomly,2021-03-31 11:56:03
42851,61,5639.5,69.5,3,1,13,randomly,2021-03-31 11:57:51
42851,66,3824,60,3,3,14,randomly,2021-03-31 11:59:25
42851,61,7975,66,2,5,15,randomly,2021-03-31 12:02:04
42851,58,2626,57,3,4,16,randomly,2021-03-31 12:03:43
42851,77,6571,73,3,3,17,randomly,2021-03-31 12:05:27
42851,88,3010,53,3,1,18,randomly,2021-03-31 12:07:52
42851,76,7690,81,3,2,19,randomly,2021-03-31 12:09:22
42851,54,6042,73,3,4,20,randomly,2021-03-31 12:11:47
42934,80,,,,5,1,randomly,2021-03-31 11:30:32
42934,80,8050,70,2,5,2,randomly,2021-03-31 11:35:29
42934,80,6850,50,2,5,3,randomly,2021-03-31 11:37:31
42934,80,5938,69,3,2,4,randomly,2021-03-31 11:39:33
42934,80,2100,50,3,2,5,randomly,2021-03-31 11:41:24
42934,80,4787.5,62.5,3,3,6,randomly,2021-03-31 11:43:30
42934,80,7787.5,82.5,3,4,7,randomly,2021-03-31 11:45:24
42934,85,2837.5,52.5,3,4,8,randomly,2021-03-31 11:47:36
42934,85,7205.5,78.5,3,1,9,randomly,2021-03-31 11:49:36
42934,85,3887.5,57.5,3,3,10,randomly,2021-03-31 11:51:27
42934,85,3987,58,3,0,11,randomly,2021-03-31 11:53:26
42934,85,5923,69,3,3,12,randomly,2021-03-31 11:56:12
42934,88,3628,56,3,1,13,randomly,2021-03-31 11:57:26
42934,88,5663.5,67.5,3,0,14,randomly,2021-03-31 11:59:28
42934,88,5266,65,3,4,15,randomly,2021-03-31 12:01:26
42934,88,6706,75,3,0,16,randomly,2021-03-31 12:03:24
42934,100,3972,58,3,1,17,randomly,2021-03-31 12:05:35
42934,100,2500,50,3,2,18,randomly,2021-03-31 12:07:23
42934,100,5700,70,3,3,19,randomly,2021-03-31 12:09:20
42934,100,5387.5,67.5,3,0,20,randomly,2021-03-31 12:11:27
43775,50,,,,3,1,assortatively,2021-03-31 11:30:23
43775,50,298,51,3,2,2,assortatively,2021-03-31 11:35:24
43775,50,6250,50,2,1,3,assortatively,2021-03-31 11:37:33
43775,50,1484.96875,55.125,3,1,4,assortatively,2021-03-31 11:39:17
43775,50,2272,58,3,1,5,assortatively,2021-03-31 11:41:20
43775,50,0,50,3,0,6,assortatively,2021-03-31 11:43:41
43775,50,0,50,3,0,7,assortatively,2021-03-31 11:45:21
43775,50.25,174.1875,50.5,3,0,8,assortatively,2021-03-31 11:47:41
43775,50.25,24.9375,50,3,0,9,assortatively,2021-03-31 11:49:37
43775,50.25,905.4375,53,3,1,10,assortatively,2021-03-31 11:51:40
43775,50.25,24.9375,50,3,0,11,assortatively,2021-03-31 11:53:42
43775,50.25,24.9375,50,3,0,12,assortatively,2021-03-31 11:55:37
43775,50.25,322.4375,51,3,1,13,assortatively,2021-03-31 11:57:45
43775,50.25,2558.4375,59,3,1,14,assortatively,2021-03-31 11:59:36
43775,50.25,469.6875,51.5,3,1,15,assortatively,2021-03-31 12:01:40
43775,50.25,322.4375,51,3,1,16,assortatively,2021-03-31 12:03:23
43775,50.25,24.9375,50,3,0,17,assortatively,2021-03-31 12:06:08
43775,50.25,24.9375,50,3,1,18,assortatively,2021-03-31 12:07:30
43775,50.25,761.1875,52.5,3,1,19,assortatively,2021-03-31 12:09:34
43775,50.25,615.9375,52,3,1,20,assortatively,2021-03-31 12:11:43
45856,52,,,,1,1,assortatively,2021-03-31 11:30:37
45856,55,5047,68,3,5,2,assortatively,2021-03-31 11:35:32
45856,59,3679,61,3,3,3,assortatively,2021-03-31 11:37:24
45856,57,4147.5,63.5,3,3,4,assortatively,2021-03-31 11:39:25
45856,62,1600,52,3,1,5,assortatively,2021-03-31 11:41:25
45856,58,3376,60,3,3,6,assortatively,2021-03-31 11:43:32
45856,59,3071.5,58.5,3,2,7,assortatively,2021-03-31 11:45:31
45856,62,5376,68,3,3,8,assortatively,2021-03-31 11:47:29
45856,56,4660,66,3,3,9,assortatively,2021-03-31 11:49:25
45856,65,4555.5,63.5,3,3,10,assortatively,2021-03-31 11:51:24
45856,67,5453.5,67.5,3,5,11,assortatively,2021-03-31 11:53:31
45856,66,6181.5,71.5,3,4,12,assortatively,2021-03-31 11:55:27
45856,71,5177.5,65.5,3,3,13,assortatively,2021-03-31 11:57:24
45856,69,6919.5,75.5,3,4,14,assortatively,2021-03-31 11:59:27
45856,75,5269.5,65.5,3,3,15,assortatively,2021-03-31 12:01:33
45856,68,7146,77,3,6,16,assortatively,2021-03-31 12:03:25
45856,72,3691.875,58.25,3,4,17,assortatively,2021-03-31 12:05:21
45856,71,6535,73,3,4,18,assortatively,2021-03-31 12:07:32
45856,72,6036,70,3,4,19,assortatively,2021-03-31 12:09:26
45856,69,4287.5,61.5,3,4,20,assortatively,2021-03-31 12:11:23
45895,51,,,,4,1,assortatively,2021-03-31 11:30:27
45895,54,2330,57,3,4,2,assortatively,2021-03-31 11:35:22
45895,66,3241.5,57.5,3,3,3,assortatively,2021-03-31 11:37:25
45895,66,3937.5,60.5,3,4,4,assortatively,2021-03-31 11:39:26
45895,66,2664.96875,55.125,3,4,5,assortatively,2021-03-31 11:41:22
45895,66,6794,75,3,5,6,assortatively,2021-03-31 11:43:20
45895,66,5396.71875,67.375,3,4,7,assortatively,2021-03-31 11:45:30
45895,66,5120,66,3,3,8,assortatively,2021-03-31 11:47:20
45895,66,4050,61,3,3,9,assortatively,2021-03-31 11:49:18
45895,66,4354.21875,62.375,3,4,10,assortatively,2021-03-31 11:51:36
45895,66,5520,68,3,5,11,assortatively,2021-03-31 11:53:20
45895,66,5904,70,3,3,12,assortatively,2021-03-31 11:55:19
45895,66,5520,68,3,3,13,assortatively,2021-03-31 11:57:21
45895,66,6772.96875,74.875,3,3,14,assortatively,2021-03-31 11:59:19
45895,66,5904,70,3,3,15,assortatively,2021-03-31 12:01:19
45895,66,4354.21875,62.375,3,3,16,assortatively,2021-03-31 12:03:19
45895,66,4161.5,61.5,3,3,17,assortatively,2021-03-31 12:05:19
45895,66,5904,70,3,3,18,assortatively,2021-03-31 12:07:18
45895,66,6537.5,73.5,3,3,19,assortatively,2021-03-31 12:09:20
45895,66,6272,72,3,3,20,assortatively,2021-03-31 12:11:19
47322,60,,,,0,1,assortatively,2021-03-31 11:30:53
47322,66,4381.5,62.5,3,5,2,assortatively,2021-03-31 11:35:38
47322,60,2053.875,54.25,3,5,3,assortatively,2021-03-31 11:37:59
47322,66,3937.5,60.5,3,4,4,assortatively,2021-03-31 11:39:38
47322,55,3330.46875,60.625,3,4,5,assortatively,2021-03-31 11:41:36
47322,55,1499.96875,53.625,3,2,6,assortatively,2021-03-31 11:43:37
47322,55,940.96875,51.625,3,1,7,assortatively,2021-03-31 11:45:34
47322,51,4701.5,67.5,3,2,8,assortatively,2021-03-31 11:48:03
47322,51,831.5,52.5,3,1,9,assortatively,2021-03-31 11:49:36
47322,51,867.46875,52.625,3,1,10,assortatively,2021-03-31 11:51:38
47322,55,1327,53,3,1,11,assortatively,2021-03-31 11:53:41
47322,54,1381.5,53.5,3,2,12,assortatively,2021-03-31 11:55:43
47322,53,835.21875,51.875,3,2,13,assortatively,2021-03-31 11:57:36
47322,51,1010.71875,53.125,3,2,14,assortatively,2021-03-31 11:59:33
47322,50,482.21875,51.625,3,1,15,assortatively,2021-03-31 12:01:32
47322,58,736,50,3,0,16,assortatively,2021-03-31 12:03:42
47322,53,4935,68,3,3,17,assortatively,2021-03-31 12:05:31
47322,52,2303.5,57.5,3,2,18,assortatively,2021-03-31 12:07:35
47322,52,671.71875,51.625,3,1,19,assortatively,2021-03-31 12:09:47
47322,51,577.96875,51.625,3,1,20,assortatively,2021-03-31 12:11:37
47463,85,,,,6,1,assortatively,2021-03-31 11:30:28
47463,85,8127,76,2,7,2,assortatively,2021-03-31 11:36:26
47463,80,9100,-1,1,7,3,assortatively,2021-03-31 11:37:38
47463,80,6919.5,75.5,3,6,4,assortatively,2021-03-31 11:39:53
47463,80,5978.875,69.25,3,6,5,assortatively,2021-03-31 11:41:33
47463,70,7458,79,3,6,6,assortatively,2021-03-31 11:43:27
47463,70,5725.5,68.5,3,5,7,assortatively,2021-03-31 11:45:27
47463,70,6500.96875,72.875,3,5,8,assortatively,2021-03-31 11:47:32
47463,70,4667.96875,63.125,3,5,9,assortatively,2021-03-31 11:49:29
47463,60,5898,71,3,5,10,assortatively,2021-03-31 11:51:29
47463,65,5487,68,3,3,11,assortatively,2021-03-31 11:53:47
47463,65,5969.5,70.5,3,3,12,assortatively,2021-03-31 11:55:24
47463,65,5585.5,68.5,3,3,13,assortatively,2021-03-31 11:57:36
47463,65,6838.46875,75.375,3,3,14,assortatively,2021-03-31 11:59:25
47463,70,1921.875,51.25,3,2,15,assortatively,2021-03-31 12:01:27
47463,55,5019.71875,67.875,3,3,16,assortatively,2021-03-31 12:03:30
47463,60,5082,67,3,2,17,assortatively,2021-03-31 12:05:28
47463,60,1855.5,53.5,3,2,18,assortatively,2021-03-31 12:07:26
47463,60,1452,52,3,2,19,assortatively,2021-03-31 12:09:30
47463,52,196,50,3,2,20,assortatively,2021-03-31 12:11:28
50768,50,,,,3,1,assortatively,2021-03-31 11:30:45
50768,50,1450,55,3,0,2,assortatively,2021-03-31 11:35:21
50768,60,969.875,50.25,3,0,3,assortatively,2021-03-31 11:37:38
50768,60,3972,62,3,3,4,assortatively,2021-03-31 11:39:29
50768,65,4337.5,62.5,3,2,5,assortatively,2021-03-31 11:41:32
50768,65,4663,64,3,4,6,assortatively,2021-03-31 11:43:36
50768,68,5262.71875,66.375,3,4,7,assortatively,2021-03-31 11:46:08
50768,67,4423.5,62.5,3,4,8,assortatively,2021-03-31 11:47:52
50768,67,5155,66,3,4,9,assortatively,2021-03-31 11:49:40
50768,67,5453.5,67.5,3,5,10,assortatively,2021-03-31 11:51:40
50768,69,5317.5,66.5,3,5,11,assortatively,2021-03-31 11:53:51
50768,69,6247.5,71.5,3,5,12,assortatively,2021-03-31 11:55:47
50768,72,6123.5,70.5,3,4,13,assortatively,2021-03-31 11:57:32
50768,73,6307.5,71.5,3,5,14,assortatively,2021-03-31 11:59:39
50768,75,5727,68,3,5,15,assortatively,2021-03-31 12:01:40
50768,65,6775,75,3,5,16,assortatively,2021-03-31 12:03:27
50768,70,3889.5,59.5,3,3,17,assortatively,2021-03-31 12:05:36
50768,70,5632,68,3,3,18,assortatively,2021-03-31 12:07:46
50768,75,5903,69,3,3,19,assortatively,2021-03-31 12:09:55
50768,72,6708,74,3,5,20,assortatively,2021-03-31 12:11:35
50986,70,,,,2,1,randomly,2021-03-31 11:31:07
50986,75,3075,55,3,4,2,randomly,2021-03-31 11:36:19
50986,85,6149.5,70.5,3,1,3,randomly,2021-03-31 11:37:47
50986,70,4000,60,3,4,4,randomly,2021-03-31 11:39:33
50986,75,5175,65,3,1,5,randomly,2021-03-31 11:41:48
50986,90,5485.5,66.5,3,4,6,randomly,2021-03-31 11:44:10
50986,85,7375,80,3,4,7,randomly,2021-03-31 11:46:19
50986,80,2100,50,3,0,8,randomly,2021-03-31 11:48:05
50986,75,8005.5,83.5,3,1,9,randomly,2021-03-31 11:49:54
50986,80,6850,50,2,5,10,randomly,2021-03-31 11:51:48
50986,80,6179.5,70.5,3,1,11,randomly,2021-03-31 11:53:48
50986,80,3468,56,3,2,12,randomly,2021-03-31 11:55:45
50986,80,8287.5,87.5,3,3,13,randomly,2021-03-31 11:57:40
50986,80,6487.5,72.5,3,2,14,randomly,2021-03-31 11:59:34
50986,85,5275,65,3,3,15,randomly,2021-03-31 12:02:04
50986,85,4183,59,3,3,16,randomly,2021-03-31 12:04:13
50986,85,6775,50,2,5,17,randomly,2021-03-31 12:06:10
50986,75,3747,58,3,3,18,randomly,2021-03-31 12:08:11
50986,80,3250,55,3,1,19,randomly,2021-03-31 12:10:15
50986,85,6775,75,3,0,20,randomly,2021-03-31 12:11:49
51068,50,,,,6,1,assortatively,2021-03-31 11:30:41
51068,50,2137.5,57.5,3,1,2,assortatively,2021-03-31 11:35:30
51068,50,6250,50,2,1,3,assortatively,2021-03-31 11:37:44
51068,50,1450,55,3,0,4,assortatively,2021-03-31 11:39:25
51068,50,0,50,3,0,5,assortatively,2021-03-31 11:41:29
51068,50,0,50,3,0,6,assortatively,2021-03-31 11:43:23
51068,50,0,50,3,0,7,assortatively,2021-03-31 11:45:29
51068,50,186.71875,50.625,3,0,8,assortatively,2021-03-31 11:47:38
51068,50,37.46875,50.125,3,0,9,assortatively,2021-03-31 11:49:31
51068,50,737.5,52.5,3,0,10,assortatively,2021-03-31 11:51:23
51068,50,37.46875,50.125,3,0,11,assortatively,2021-03-31 11:53:33
51068,50,37.46875,50.125,3,0,12,assortatively,2021-03-31 11:55:31
51068,50,0,50,3,0,13,assortatively,2021-03-31 11:57:30
51068,50,737.5,52.5,3,0,14,assortatively,2021-03-31 11:59:33
51068,50,1728,56,3,0,15,assortatively,2021-03-31 12:01:27
51068,50,1168,54,3,0,16,assortatively,2021-03-31 12:03:40
51068,50,37.46875,50.125,3,0,17,assortatively,2021-03-31 12:05:23
51068,50,737.5,52.5,3,0,18,assortatively,2021-03-31 12:07:33
51068,50,0,50,3,0,19,assortatively,2021-03-31 12:09:22
51068,50,0,50,3,0,20,assortatively,2021-03-31 12:11:28
51534,50,,,,1,1,assortatively,2021-03-31 11:30:45
51534,55,1875,55,3,1,2,assortatively,2021-03-31 11:35:50
51534,56,3851.5,62.5,3,3,3,assortatively,2021-03-31 11:37:49
51534,67,3527.5,58.5,3,3,4,assortatively,2021-03-31 11:39:32
51534,60,7255.5,78.5,3,5,5,assortatively,2021-03-31 11:41:44
51534,60,3258,59,3,3,6,assortatively,2021-03-31 11:43:39
51534,55,8099.5,84.5,3,3,7,assortatively,2021-03-31 11:45:46
51534,56,4434,65,3,2,8,assortatively,2021-03-31 11:47:29
51534,50,1589.5,55.5,3,2,9,assortatively,2021-03-31 11:49:42
51534,55,475,50,3,0,10,assortatively,2021-03-31 11:51:43
51534,52,490,51,3,2,11,assortatively,2021-03-31 11:53:42
51534,50,1025.5,53.5,3,1,12,assortatively,2021-03-31 11:55:56
51534,50,0,50,3,0,13,assortatively,2021-03-31 11:57:30
51534,55,475,50,3,0,14,assortatively,2021-03-31 11:59:43
51534,52,3019.875,60.25,3,2,15,assortatively,2021-03-31 12:01:27
51534,51,284.46875,50.625,3,1,16,assortatively,2021-03-31 12:03:34
51534,52,6346,50,2,1,17,assortatively,2021-03-31 12:05:54
51534,55,2143,56,3,2,18,assortatively,2021-03-31 12:07:44
51534,53,1847.5,55.5,3,2,19,assortatively,2021-03-31 12:09:27
51534,50,298,51,3,2,20,assortatively,2021-03-31 12:11:40
51698,51,,,,3,1,not,2021-03-31 11:30:20
51698,53.75,1976.6875,55.75,3,2,2,not,2021-03-31 11:35:26
51698,55,727.21875,50.875,3,2,3,not,2021-03-31 11:37:31
51698,54.5,610.84375,50.625,3,2,4,not,2021-03-31 11:39:33
51698,53.5,410.875,50.25,3,2,5,not,2021-03-31 11:41:32
51698,52,269.875,50.25,3,2,6,not,2021-03-31 11:43:28
51698,52.5,243.75,50,3,2,7,not,2021-03-31 11:45:23
51698,51.5,295.75,50.5,3,2,8,not,2021-03-31 11:47:28
51698,52.75,559.9375,51,3,2,9,not,2021-03-31 11:49:26
51698,51.75,393.1875,50.75,3,2,10,not,2021-03-31 11:51:29
51698,51.5,147.75,50,3,2,11,not,2021-03-31 11:53:23
51698,51.75,208.96875,50.125,3,2,12,not,2021-03-31 11:55:33
51698,52.5,280.59375,50.125,3,2,13,not,2021-03-31 11:57:30
51698,51.5,184.84375,50.125,3,2,14,not,2021-03-31 11:59:21
51698,51.75,208.96875,50.125,3,2,15,not,2021-03-31 12:01:21
51698,51.75,245.9375,50.25,3,2,16,not,2021-03-31 12:03:29
51698,51.75,171.9375,50,3,2,17,not,2021-03-31 12:05:23
51698,53.5,447.34375,50.375,3,2,18,not,2021-03-31 12:07:29
51698,52.75,304.21875,50.125,3,2,19,not,2021-03-31 12:09:23
51698,52.75,304.21875,50.125,3,2,20,not,2021-03-31 12:11:26
51703,60,,,,6,1,not,2021-03-31 11:30:20
51703,60,1621.21875,52.625,3,2,2,not,2021-03-31 11:35:22
51703,50.25,977.1875,53.25,3,2,3,not,2021-03-31 11:38:28
51703,51,795.46875,52.375,3,2,4,not,2021-03-31 11:40:49
51703,50.25,579.46875,51.875,3,2,5,not,2021-03-31 11:41:36
51703,50.25,359.34375,51.125,3,2,6,not,2021-03-31 11:44:09
51703,50,371.875,51.25,3,2,7,not,2021-03-31 11:45:29
51703,51,321.375,50.75,3,2,8,not,2021-03-31 11:47:42
51703,50.5,676.09375,52.125,3,2,9,not,2021-03-31 11:49:28
51703,50.5,457.09375,51.375,3,2,10,not,2021-03-31 11:51:46
51703,50,223.875,50.75,3,2,11,not,2021-03-31 11:53:57
51703,50.25,285.46875,50.875,3,2,12,not,2021-03-31 11:55:41
51703,50.25,396.1875,51.25,3,2,13,not,2021-03-31 11:57:49
51703,50.25,248.4375,50.75,3,2,14,not,2021-03-31 12:00:21
51703,50.25,285.46875,50.875,3,2,15,not,2021-03-31 12:01:30
51703,50.5,309.84375,50.875,3,2,16,not,2021-03-31 12:03:40
51703,50,260.96875,50.875,3,2,17,not,2021-03-31 12:05:30
51703,50.75,590.6875,51.75,3,2,18,not,2021-03-31 12:07:27
51703,50.25,432.96875,51.375,3,2,19,not,2021-03-31 12:09:37
51703,50.25,432.96875,51.375,3,2,20,not,2021-03-31 12:11:40
51724,88,,,,6,1,not,2021-03-31 11:31:29
51724,66,7201.5,77.5,3,3,2,not,2021-03-31 11:35:23
51724,77,8131,85,3,3,3,not,2021-03-31 11:37:23
51724,89,5651.5,67.5,3,3,4,not,2021-03-31 11:39:42
51724,85,5999.5,69.5,3,3,5,not,2021-03-31 11:41:34
51724,84,,,,3,6,not,2021-03-31 11:43:24
51776,60,,,,4,1,randomly,2021-03-31 11:31:32
51776,70,4000,60,3,2,2,randomly,2021-03-31 11:35:34
51776,75,6487.5,72.5,3,3,3,randomly,2021-03-31 11:37:36
51776,80,2100,50,3,0,4,randomly,2021-03-31 11:39:33
51776,60,900,50,3,0,5,randomly,2021-03-31 11:41:33
51776,90,7650,85,3,2,6,randomly,2021-03-31 11:43:49
51776,80,7787.5,82.5,3,4,7,randomly,2021-03-31 11:46:02
51776,55,4937.5,67.5,3,4,8,randomly,2021-03-31 11:47:53
51776,52,3083.5,60.5,3,4,9,randomly,2021-03-31 11:50:12
51776,60,5700,70,3,3,10,randomly,2021-03-31 11:52:00
51776,66,7201.5,77.5,3,1,11,randomly,2021-03-31 11:53:39
51776,88,5663.5,67.5,3,3,12,randomly,2021-03-31 11:55:33
51776,51,6199.5,74.5,3,1,13,randomly,2021-03-31 11:57:52
51776,55,3667,62,3,4,14,randomly,2021-03-31 11:59:52
51776,70,6688,74,3,4,15,randomly,2021-03-31 12:01:36
51776,68,4780,64,3,2,16,randomly,2021-03-31 12:03:42
51776,64,7410,79,3,2,17,randomly,2021-03-31 12:05:29
51776,66,5904,70,3,4,18,randomly,2021-03-31 12:08:03
51776,70,8250,85,3,3,19,randomly,2021-03-31 12:09:43
51776,80,4300,60,3,4,20,randomly,2021-03-31 12:11:30
51914,75,,,,2,1,not,2021-03-31 11:32:26
51914,75,6567,73,3,3,2,not,2021-03-31 11:35:27
51914,70,8645.5,88.5,3,3,3,not,2021-03-31 11:38:07
51914,70,7162,77,3,3,4,not,2021-03-31 11:39:55
51914,70,7162,77,3,3,5,not,2021-03-31 11:42:00
51914,80,7122,77,3,3,6,not,2021-03-31 11:43:42
51914,80,8287.5,75,2,3,7,not,2021-03-31 11:45:48
51914,75,8675,80,2,3,8,not,2021-03-31 11:47:55
51914,80,8459.5,79,2,3,9,not,2021-03-31 11:49:38
51914,85,8275,80,2,3,10,not,2021-03-31 11:51:47
51914,85,8437.5,85,2,3,11,not,2021-03-31 11:54:02
51914,100,7450,90,2,3,12,not,2021-03-31 11:56:22
51914,95,7947,96,2,3,13,not,2021-03-31 11:57:36
51914,100,7387.5,85,2,3,14,not,2021-03-31 11:59:34
51914,90,8137.5,85,2,3,15,not,2021-03-31 12:02:23
51914,85,6775,50,2,3,16,not,2021-03-31 12:04:18
51914,65,7187.5,55,2,3,17,not,2021-03-31 12:06:04
51914,65,9283,88,2,3,18,not,2021-03-31 12:07:42
51914,80,8050,70,2,3,19,not,2021-03-31 12:09:54
51914,80,8287.5,75,2,3,20,not,2021-03-31 12:11:27
52161,50,,,,5,1,not,2021-03-31 11:30:43
52161,80,6179.5,70.5,3,3,2,not,2021-03-31 11:35:22
52161,100,6095.5,73.5,3,3,3,not,2021-03-31 11:37:38
52161,65,7499.5,79.5,3,3,4,not,2021-03-31 11:39:36
52161,69,7231.5,77.5,3,3,5,not,2021-03-31 11:41:34
52161,70,7872,82,3,3,6,not,2021-03-31 11:43:39
52161,75,8675,80,2,3,7,not,2021-03-31 11:45:26
52161,80,8287.5,75,2,3,8,not,2021-03-31 11:47:28
52161,79,8539,80,2,3,9,not,2021-03-31 11:49:43
52161,80,8687.5,85,2,3,10,not,2021-03-31 11:51:36
52161,85,8437.5,85,2,3,11,not,2021-03-31 11:53:28
52161,90,8400,100,2,3,12,not,2021-03-31 11:55:45
52161,96,7851.5,95,2,3,13,not,2021-03-31 11:57:30
52161,85,8775,100,2,3,14,not,2021-03-31 11:59:35
52161,85,8575,90,2,3,15,not,2021-03-31 12:01:38
52161,50,9137.5,85,2,3,16,not,2021-03-31 12:03:40
52161,55,7787.5,65,2,3,17,not,2021-03-31 12:05:43
52161,88,7523.5,65,2,3,18,not,2021-03-31 12:07:34
52161,70,8800,80,2,3,19,not,2021-03-31 12:09:49
52161,75,8675,80,2,3,20,not,2021-03-31 12:11:26
53813,85,,,,0,1,randomly,2021-03-31 11:31:03
53813,60,4087.5,62.5,3,4,2,randomly,2021-03-31 11:36:11
53813,58,6586,75,3,0,3,randomly,2021-03-31 11:37:58
53813,95,5875,70,3,1,4,randomly,2021-03-31 11:40:33
53813,50,1450,55,3,0,5,randomly,2021-03-31 11:41:34
53813,75,5175,65,3,3,6,randomly,2021-03-31 11:43:42
53813,95,4945.5,63.5,3,2,7,randomly,2021-03-31 11:45:30
53813,88,8386,90,2,5,8,randomly,2021-03-31 11:48:18
53813,77,3811,58,3,0,9,randomly,2021-03-31 11:49:57
53813,55,5987.5,72.5,3,3,10,randomly,2021-03-31 11:52:09
53813,71,3929.5,59.5,3,3,11,randomly,2021-03-31 11:53:28
53813,88,7003.5,77.5,3,0,12,randomly,2021-03-31 11:55:47
53813,91,5621.5,67.5,3,4,13,randomly,2021-03-31 11:57:30
53813,85,5923,69,3,0,14,randomly,2021-03-31 11:59:42
53813,75,8175,85,3,1,15,randomly,2021-03-31 12:01:50
53813,64,2260,54,3,4,16,randomly,2021-03-31 12:04:19
53813,72,5106,65,3,0,17,randomly,2021-03-31 12:05:47
53813,61,8259,70,2,5,18,randomly,2021-03-31 12:08:12
53813,99,5677.5,69.5,3,2,19,randomly,2021-03-31 12:09:44
53813,59,4031.5,62.5,3,1,20,randomly,2021-03-31 12:11:36
54668,50,,,,3,1,randomly,2021-03-31 11:32:48
54668,50,4637.5,67.5,3,4,2,randomly,2021-03-31 11:35:24
54668,50,8800,80,2,5,3,randomly,2021-03-31 11:37:28
54668,50,4050,65,3,0,4,randomly,2021-03-31 11:39:26
54668,50,1450,55,3,0,5,randomly,2021-03-31 11:41:20
54668,50,8437.5,75,2,5,6,randomly,2021-03-31 11:43:22
54668,50,4050,65,3,3,7,randomly,2021-03-31 11:45:23
54668,50,4050,65,3,0,8,randomly,2021-03-31 11:47:25
54668,50,5525.5,71.5,3,0,9,randomly,2021-03-31 11:49:24
54668,50,1450,55,3,4,10,randomly,2021-03-31 11:51:21
54668,50,6349.5,75.5,3,0,11,randomly,2021-03-31 11:53:20
54668,50,7722,66,2,5,12,randomly,2021-03-31 11:55:30
54668,50,2272,58,3,0,13,randomly,2021-03-31 11:57:18
54668,50,4752,68,3,3,14,randomly,2021-03-31 11:59:23
54668,50,2137.5,57.5,3,2,15,randomly,2021-03-31 12:01:28
54668,50,9328,94,3,0,16,randomly,2021-03-31 12:03:52
54668,50,9137.5,85,2,5,17,randomly,2021-03-31 12:05:28
54668,50,5309.5,70.5,3,3,18,randomly,2021-03-31 12:07:34
54668,50,0,50,3,0,19,randomly,2021-03-31 12:09:37
54668,50,4752,68,3,3,20,randomly,2021-03-31 12:11:22
56170,70,,,,2,1,not,2021-03-31 11:30:25
56170,64,6667.5,74.5,3,4,2,not,2021-03-31 11:35:28
56170,66,1344,50,3,4,3,not,2021-03-31 11:37:31
56170,70,6769.5,74.5,3,4,4,not,2021-03-31 11:39:30
56170,70,4000,60,3,4,5,not,2021-03-31 11:41:22
56170,60,3012,58,3,4,6,not,2021-03-31 11:43:27
56170,80,5250,65,3,4,7,not,2021-03-31 11:45:33
56170,60,7087.5,55,2,4,8,not,2021-03-31 11:47:35
56170,70,9600,100,2,4,9,not,2021-03-31 11:49:29
56170,60,8715.5,77,2,4,10,not,2021-03-31 11:51:26
56170,80,7252,56,2,4,11,not,2021-03-31 11:53:28
56170,70,6850,50,2,4,12,not,2021-03-31 11:55:27
56170,65,9283,88,2,4,13,not,2021-03-31 11:57:25
56170,55,9515.96875,90.75,2,4,14,not,2021-03-31 11:59:22
56170,60,9889.96875,99.75,2,4,15,not,2021-03-31 12:01:21
56170,70,6869.96875,50.25,2,4,16,not,2021-03-31 12:03:25
56170,50,6737.5,55,2,4,17,not,2021-03-31 12:05:32
56170,80,8788,88,2,4,18,not,2021-03-31 12:07:29
56170,65,6775,50,2,4,19,not,2021-03-31 12:09:25
56170,70,9569.5,99,2,4,20,not,2021-03-31 12:11:23
56208,100,,,,1,1,not,2021-03-31 11:30:24
56208,99,3815,57,3,4,2,not,2021-03-31 11:35:29
56208,50,2272,58,3,4,3,not,2021-03-31 11:37:32
56208,99,4319,60,3,4,4,not,2021-03-31 11:39:34
56208,70,4000,60,3,4,5,not,2021-03-31 11:41:24
56208,66,2634,55,3,4,6,not,2021-03-31 11:43:27
56208,80,5250,65,3,4,7,not,2021-03-31 11:45:30
56208,55,7375,60,2,4,8,not,2021-03-31 11:47:34
56208,100,7050,70,2,4,9,not,2021-03-31 11:49:30
56208,77,7551,60,2,4,10,not,2021-03-31 11:51:36
56208,56,8884,80,2,4,11,not,2021-03-31 11:53:29
56208,50,8050,70,2,4,12,not,2021-03-31 11:55:30
56208,88,7523.5,65,2,4,13,not,2021-03-31 11:57:24
56208,90.75,6910.6875,55,2,4,14,not,2021-03-31 11:59:47
56208,99.75,6714.9375,60,2,4,15,not,2021-03-31 12:01:40
56208,50.25,8057.4375,70,2,4,16,not,2021-03-31 12:03:32
56208,55,6475,50,2,4,17,not,2021-03-31 12:05:24
56208,88,8116,80,2,4,18,not,2021-03-31 12:07:29
56208,50,7637.5,65,2,4,19,not,2021-03-31 12:09:25
56208,99,7119,70,2,4,20,not,2021-03-31 12:11:32
59686,50,,,,1,1,not,2021-03-31 11:30:42
59686,50,7465.5,81.5,3,4,2,not,2021-03-31 11:35:49
59686,50,2272,58,3,4,3,not,2021-03-31 11:37:35
59686,50,7969.5,84.5,3,4,4,not,2021-03-31 11:39:43
59686,50,5200,70,3,4,5,not,2021-03-31 11:42:01
59686,50,3562,63,3,4,6,not,2021-03-31 11:43:31
59686,50,,,,4,7,not,2021-03-31 11:45:31
65917,50,,,,1,1,assortatively,2021-03-31 11:31:36
65917,60,1587.5,52.5,3,1,2,assortatively,2021-03-31 11:35:43
65917,55,2537.5,57.5,3,4,3,assortatively,2021-03-31 11:37:51
65917,60,5187.5,67.5,3,2,4,assortatively,2021-03-31 11:39:29
65917,80,3250,55,3,3,5,assortatively,2021-03-31 11:41:36
65917,60,8108,84,3,6,6,assortatively,2021-03-31 11:43:50
65917,99,4711.5,62.5,3,3,7,assortatively,2021-03-31 11:45:39
65917,60,7087.5,77.5,3,6,8,assortatively,2021-03-31 11:48:45
65917,66,4050,61,3,3,9,assortatively,2021-03-31 11:49:45
65917,60,4732.21875,65.375,3,4,10,assortatively,2021-03-31 11:51:39
65917,66,5421.5,67.5,3,3,11,assortatively,2021-03-31 11:53:23
65917,70,5909.5,69.5,3,4,12,assortatively,2021-03-31 11:55:56
65917,71,6195,71,3,4,13,assortatively,2021-03-31 11:57:48
65917,72,6380,72,3,5,14,assortatively,2021-03-31 11:59:27
65917,73,6473.5,72.5,3,4,15,assortatively,2021-03-31 12:01:41
65917,73,6514.375,72.75,3,4,16,assortatively,2021-03-31 12:03:29
65917,73,6871,75,3,5,17,assortatively,2021-03-31 12:05:25
65917,73,6391,72,3,4,18,assortatively,2021-03-31 12:07:25
65917,73,6715,74,3,5,19,assortatively,2021-03-31 12:09:25
65917,73,6635.5,73.5,3,5,20,assortatively,2021-03-31 12:11:37
66746,100,,,,1,1,not,2021-03-31 11:31:27
66746,75,3189.5,55.5,3,5,2,not,2021-03-31 11:35:33
66746,60,3135.5,58.5,3,5,3,not,2021-03-31 11:38:28
66746,50,2800,60,3,5,4,not,2021-03-31 11:40:24
66746,50,737.5,52.5,3,5,5,not,2021-03-31 11:41:49
66746,50,4050,65,3,5,6,not,2021-03-31 11:44:57
66746,50,5200,70,3,5,7,not,2021-03-31 11:45:52
66746,50,5737.5,72.5,3,5,8,not,2021-03-31 11:48:19
66746,50,6250,75,3,5,9,not,2021-03-31 11:49:37
66746,50,6737.5,77.5,3,5,10,not,2021-03-31 11:51:49
66746,50,5200,70,3,5,11,not,2021-03-31 11:53:51
66746,50,2800,60,3,5,12,not,2021-03-31 11:56:05
66746,50,3437.5,62.5,3,5,13,not,2021-03-31 11:58:59
66746,50,4050,65,3,5,14,not,2021-03-31 11:59:28
66746,50,8050,70,2,5,15,not,2021-03-31 12:01:36
67047,60,,,,2,1,randomly,2021-03-31 11:30:42
67047,65,2575,55,3,3,2,randomly,2021-03-31 11:35:25
67047,70,4000,60,3,4,3,randomly,2021-03-31 11:37:35
67047,55,6475,50,2,5,4,randomly,2021-03-31 11:39:26
67047,55,7787.5,65,2,5,5,randomly,2021-03-31 11:41:30
67047,60,1587.5,52.5,3,1,6,randomly,2021-03-31 11:43:34
67047,65,6337.5,72.5,3,0,7,randomly,2021-03-31 11:45:26
67047,85,5189.5,64.5,3,1,8,randomly,2021-03-31 11:47:28
67047,82,7456,80,3,1,9,randomly,2021-03-31 11:49:33
67047,80,4882,63,3,2,10,randomly,2021-03-31 11:51:33
67047,65,3659.5,59.5,3,4,11,randomly,2021-03-31 11:53:24
67047,55,5155.5,68.5,3,2,12,randomly,2021-03-31 11:55:29
67047,60,7962,66,2,5,13,randomly,2021-03-31 11:57:33
67047,65,7575,80,3,2,14,randomly,2021-03-31 11:59:26
67047,68,2250,53,3,0,15,randomly,2021-03-31 12:01:30
67047,63,5107.5,66.5,3,2,16,randomly,2021-03-31 12:03:35
67047,63,1803.5,52.5,3,4,17,randomly,2021-03-31 12:05:27
67047,53,7975,84,3,0,18,randomly,2021-03-31 12:07:30
67047,63,8593.5,87.5,3,2,19,randomly,2021-03-31 12:09:31
67047,65,1275,50,3,2,20,randomly,2021-03-31 12:11:29
70516,55,,,,4,1,randomly,2021-03-31 11:31:27
70516,60,5187.5,67.5,3,1,2,randomly,2021-03-31 11:35:56
70516,70,4000,60,3,4,3,randomly,2021-03-31 11:38:26
70516,50,4050,65,3,0,4,randomly,2021-03-31 11:39:56
70516,80,4787.5,62.5,3,1,5,randomly,2021-03-31 11:42:39
70516,75,8887.5,92.5,3,2,6,randomly,2021-03-31 11:44:22
70516,90,7482,66,2,5,7,randomly,2021-03-31 11:45:44
70516,90,8208,88,2,5,8,randomly,2021-03-31 11:47:44
70516,75,8437.5,75,2,5,9,randomly,2021-03-31 11:49:34
70516,80,2100,50,3,0,10,randomly,2021-03-31 11:52:00
70516,50,7200,80,3,2,11,randomly,2021-03-31 11:54:20
70516,70,6850,75,3,1,12,randomly,2021-03-31 11:55:41
70516,75,8675,90,3,3,13,randomly,2021-03-31 11:57:24
70516,100,6700,80,3,1,14,randomly,2021-03-31 11:59:35
70516,60,7338,79,3,4,15,randomly,2021-03-31 12:01:26
70516,65,4979.5,65.5,3,2,16,randomly,2021-03-31 12:03:45
70516,80,6335.5,71.5,3,3,17,randomly,2021-03-31 12:05:46
70516,75,5269.5,65.5,3,4,18,randomly,2021-03-31 12:07:55
70516,60,6187.5,72.5,3,4,19,randomly,2021-03-31 12:09:47
70516,70,7237.5,55,2,5,20,randomly,2021-03-31 12:11:39
70587,60,,,,4,1,not,2021-03-31 11:30:15
70587,61,4141.5,62.5,3,5,2,not,2021-03-31 11:37:11
70587,65,2823,56,3,5,3,not,2021-03-31 11:37:32
70587,60,2250,55,3,5,4,not,2021-03-31 11:39:24
70587,55,475,50,3,5,5,not,2021-03-31 11:41:42
70587,60,3500,60,3,5,6,not,2021-03-31 11:43:24
70587,70,4000,60,3,5,7,not,2021-03-31 11:46:52
70587,65,4875,65,3,5,8,not,2021-03-31 11:47:43
70587,70,5050,65,3,5,9,not,2021-03-31 11:49:36
70587,75,5175,65,3,5,10,not,2021-03-31 11:51:50
70587,60,4650,65,3,5,11,not,2021-03-31 11:53:41
70587,50,2800,60,3,5,12,not,2021-03-31 11:55:43
70587,55,3175,60,3,5,13,not,2021-03-31 11:57:43
70587,60,,,,5,14,not,2021-03-31 12:00:05
71061,60,,,,5,1,assortatively,2021-03-31 11:31:19
71061,70,5537.5,67.5,3,6,2,assortatively,2021-03-31 11:36:08
71061,55.5,2313.75,56.5,3,5,3,assortatively,2021-03-31 11:38:40
71061,77,4023,59,3,2,4,assortatively,2021-03-31 11:40:11
71061,63.5,7162.75,77.5,3,6,5,assortatively,2021-03-31 11:42:28
71061,68,4463.5,62.5,3,4,6,assortatively,2021-03-31 11:44:01
71061,72,5583.5,67.5,3,5,7,assortatively,2021-03-31 11:46:12
71061,70.75,6448.1875,72.5,3,5,8,assortatively,2021-03-31 11:48:12
71061,51.25,5804.6875,72.5,3,5,9,assortatively,2021-03-31 11:51:04
71061,56.25,1117.96875,51.875,3,2,10,assortatively,2021-03-31 11:52:21
71061,51,541.5,51.5,3,2,11,assortatively,2021-03-31 11:54:07
71061,57,651,50,3,1,12,assortatively,2021-03-31 11:55:46
71061,50.25,977.1875,53.25,3,2,13,assortatively,2021-03-31 11:57:42
71061,68,1508.96875,50.125,3,1,14,assortatively,2021-03-31 12:00:15
71061,65,5969.5,70.5,3,3,15,assortatively,2021-03-31 12:01:33
71061,69.75,4099.6875,60.5,3,3,16,assortatively,2021-03-31 12:04:14
71061,66.5,4072.75,61,3,4,17,assortatively,2021-03-31 12:05:41
71061,70,5632,68,3,3,18,assortatively,2021-03-31 12:07:39
71061,72,6123.5,70.5,3,3,19,assortatively,2021-03-31 12:09:32
71061,53,5263.5,69.5,3,4,20,assortatively,2021-03-31 12:12:15
71098,50,,,,0,1,not,2021-03-31 11:30:15
71098,50,4752,68,3,5,2,not,2021-03-31 11:35:21
71098,52,3583.5,62.5,3,5,3,not,2021-03-31 11:37:33
71098,60,2250,55,3,5,4,not,2021-03-31 11:39:36
71098,50,737.5,52.5,3,5,5,not,2021-03-31 11:41:30
71098,70,2850,55,3,5,6,not,2021-03-31 11:43:23
71098,70,4000,60,3,5,7,not,2021-03-31 11:45:33
71098,80,3787.5,57.5,3,5,8,not,2021-03-31 11:47:31
71098,80,4300,60,3,5,9,not,2021-03-31 11:49:23
71098,80,4787.5,62.5,3,5,10,not,2021-03-31 11:51:32
71098,80,3250,55,3,5,11,not,2021-03-31 11:53:35
71098,70,1600,50,3,5,12,not,2021-03-31 11:55:35
71098,70,2237.5,52.5,3,5,13,not,2021-03-31 11:57:23
71098,70,2850,55,3,5,14,not,2021-03-31 11:59:26
71098,70,6850,50,2,5,15,not,2021-03-31 12:01:20
71098,70,9600,-1,1,5,16,not,2021-03-31 12:03:24
71098,50,10000,-1,1,5,17,not,2021-03-31 12:05:24
71098,70,9600,-1,1,5,18,not,2021-03-31 12:07:26
71098,80,9100,-1,1,5,19,not,2021-03-31 12:09:46
71098,100,7500,-1,1,5,20,not,2021-03-31 12:11:33
71112,50,,,,4,1,not,2021-03-31 11:30:21
71112,70,6889.875,75.25,3,6,2,not,2021-03-31 11:35:36
71112,51,3039.46875,60.625,3,6,3,not,2021-03-31 11:37:34
71112,54,6457.96875,75.125,3,6,4,not,2021-03-31 11:39:38
71112,55,511.21875,50.125,3,6,5,not,2021-03-31 11:41:41
71112,50,1450,55,3,6,6,not,2021-03-31 11:43:27
71112,55,1187.5,52.5,3,6,7,not,2021-03-31 11:45:34
71112,70,2850,55,3,6,8,not,2021-03-31 11:47:32
71112,56,4434,65,3,6,9,not,2021-03-31 11:49:53
71112,87,6403.5,72.5,3,6,10,not,2021-03-31 11:51:35
71112,90,6650,75,3,6,11,not,2021-03-31 11:53:34
71112,100,5387.5,67.5,3,6,12,not,2021-03-31 11:55:34
71112,100,5700,70,3,6,13,not,2021-03-31 11:57:44
71112,100,7300,90,3,6,14,not,2021-03-31 11:59:32
71112,80,6850,75,3,6,15,not,2021-03-31 12:02:32
71112,95,7187.5,82.5,3,6,16,not,2021-03-31 12:03:53
71112,100,7050,85,3,6,17,not,2021-03-31 12:05:47
71112,97,6643.5,77.5,3,6,18,not,2021-03-31 12:07:31
71112,100,7187.5,87.5,3,6,19,not,2021-03-31 12:10:00
71112,90,8137.5,92.5,3,6,20,not,2021-03-31 12:11:38
75578,100,,,,4,1,not,2021-03-31 11:30:34
75578,100,4339.875,60.25,3,6,2,not,2021-03-31 11:35:42
75578,70,1889.96875,51.125,3,6,3,not,2021-03-31 11:37:32
75578,100,2915.96875,52.125,3,6,4,not,2021-03-31 11:39:35
75578,50,773.71875,52.625,3,6,5,not,2021-03-31 11:41:24
75578,60,900,50,3,6,6,not,2021-03-31 11:43:29
75578,55,1187.5,52.5,3,6,7,not,2021-03-31 11:45:38
75578,60,3500,60,3,6,8,not,2021-03-31 11:47:49
75578,80,2802,53,3,6,9,not,2021-03-31 11:49:33
75578,65,8075.5,83.5,3,6,10,not,2021-03-31 11:51:25
75578,90,6650,75,3,6,11,not,2021-03-31 11:53:46
75578,75,7575,80,3,6,12,not,2021-03-31 11:55:22
75578,90,6650,75,3,6,13,not,2021-03-31 11:57:49
75578,100,7300,90,3,6,14,not,2021-03-31 11:59:51
75578,90,6000,70,3,6,15,not,2021-03-31 12:01:23
75578,100,6700,80,3,6,16,not,2021-03-31 12:03:29
75578,100,7050,85,3,6,17,not,2021-03-31 12:05:27
75578,80,8148,86,3,6,18,not,2021-03-31 12:07:23
75578,100,7187.5,87.5,3,6,19,not,2021-03-31 12:09:30
75578,100,7187.5,87.5,3,6,20,not,2021-03-31 12:11:26
76810,50,,,,0,1,assortatively,2021-03-31 11:33:00
76810,60,900,50,3,0,2,assortatively,2021-03-31 11:35:53
76810,50,2800,60,3,4,3,assortatively,2021-03-31 11:38:17
76810,50,1450,55,3,0,4,assortatively,2021-03-31 11:39:38
76810,50,0,50,3,0,5,assortatively,2021-03-31 11:41:39
76810,60,5395.5,68.5,3,1,6,assortatively,2021-03-31 11:43:41
76810,70,7162,77,3,3,7,assortatively,2021-03-31 11:45:45
76810,75,6138.46875,70.375,3,5,8,assortatively,2021-03-31 11:47:43
76810,75,5363,66,3,6,9,assortatively,2021-03-31 11:49:42
76810,80,5687.5,67.5,3,6,10,assortatively,2021-03-31 11:51:43
76810,75,6799.5,74.5,3,6,11,assortatively,2021-03-31 11:53:47
76810,75,8229.5,85.5,3,6,12,assortatively,2021-03-31 11:55:48
76810,75,8063,84,3,6,13,assortatively,2021-03-31 11:57:46
76810,75,7167,77,3,6,14,assortatively,2021-03-31 11:59:47
76810,75,5727,68,3,5,15,assortatively,2021-03-31 12:01:47
76810,75,6075,70,3,5,16,assortatively,2021-03-31 12:03:49
76810,75,6723,74,3,5,17,assortatively,2021-03-31 12:05:47
76810,75,6799.5,74.5,3,5,18,assortatively,2021-03-31 12:07:47
76810,75,8437.5,75,2,6,19,assortatively,2021-03-31 12:09:45
76810,75,9003,88,2,6,20,assortatively,2021-03-31 12:11:49
85719,70,,,,3,1,randomly,2021-03-31 11:33:50
85719,60,2887.5,57.5,3,3,2,randomly,2021-03-31 11:36:55
85719,65,6155.5,71.5,3,0,3,randomly,2021-03-31 11:37:42
85719,85,6775,75,3,1,4,randomly,2021-03-31 11:39:51
85719,95,5323,66,3,4,5,randomly,2021-03-31 11:41:27
85719,95,7187.5,82.5,3,2,6,randomly,2021-03-31 11:44:07
85719,95,3937.5,57.5,3,0,7,randomly,2021-03-31 11:45:39
85719,65,3187.5,57.5,3,3,8,randomly,2021-03-31 11:47:31
85719,65,1937.5,52.5,3,2,9,randomly,2021-03-31 11:50:17
85719,50,8800,80,2,5,10,randomly,2021-03-31 11:51:58
85719,80,5250,65,3,2,11,randomly,2021-03-31 11:53:55
85719,80,6100,70,3,1,12,randomly,2021-03-31 11:56:45
85719,80,6562,73,3,4,13,randomly,2021-03-31 11:57:36
85719,80,6487.5,72.5,3,2,14,randomly,2021-03-31 12:00:55
85719,80,5687.5,67.5,3,3,15,randomly,2021-03-31 12:02:15
85719,80,8050,70,2,5,16,randomly,2021-03-31 12:03:29
85719,80,4498,61,3,0,17,randomly,2021-03-31 12:05:56
85719,50,6250,75,3,2,18,randomly,2021-03-31 12:07:31
85719,50,0,50,3,0,19,randomly,2021-03-31 12:09:55
85719,50,2137.5,57.5,3,2,20,randomly,2021-03-31 12:11:41
90281,50,,,,1,1,assortatively,2021-03-31 11:31:05
90281,50,298,51,3,2,2,assortatively,2021-03-31 11:35:39
90281,50,1519.875,55.25,3,0,3,assortatively,2021-03-31 11:37:59
90281,50,1484.96875,55.125,3,1,4,assortatively,2021-03-31 11:39:22
90281,50,0,50,3,0,5,assortatively,2021-03-31 11:41:24
90281,50,0,50,3,0,6,assortatively,2021-03-31 11:43:43
90281,50,0,50,3,0,7,assortatively,2021-03-31 11:45:30
90281,50,1168,54,3,1,8,assortatively,2021-03-31 11:47:27
90281,50,37.46875,50.125,3,0,9,assortatively,2021-03-31 11:50:07
90281,50,737.5,52.5,3,0,10,assortatively,2021-03-31 11:52:01
90281,50,37.46875,50.125,3,0,11,assortatively,2021-03-31 11:54:07
90281,50,37.46875,50.125,3,0,12,assortatively,2021-03-31 11:55:43
90281,50,0,50,3,0,13,assortatively,2021-03-31 11:57:27
90281,50,737.5,52.5,3,0,14,assortatively,2021-03-31 11:59:21
90281,50,1728,56,3,0,15,assortatively,2021-03-31 12:01:34
90281,50,1168,54,3,0,16,assortatively,2021-03-31 12:03:44
90281,50,37.46875,50.125,3,0,17,assortatively,2021-03-31 12:05:49
90281,50,737.5,52.5,3,0,18,assortatively,2021-03-31 12:07:18
90281,50,0,50,3,0,19,assortatively,2021-03-31 12:09:23
90281,50,0,50,3,0,20,assortatively,2021-03-31 12:11:38
92104,50,,,,4,1,not,2021-03-31 11:32:17
92104,50.5,8064.75,85,3,6,2,not,2021-03-31 11:36:19
92104,51.25,3026.6875,60.5,3,6,3,not,2021-03-31 11:37:29
92104,50.25,6653.4375,77,3,6,4,not,2021-03-31 11:41:06
92104,50.25,761.1875,52.5,3,6,5,not,2021-03-31 11:41:32
92104,50,1450,55,3,6,6,not,2021-03-31 11:44:04
92104,50,1450,55,3,6,7,not,2021-03-31 11:46:56
92104,50,4050,65,3,6,8,not,2021-03-31 11:47:31
92104,50,4752,68,3,6,9,not,2021-03-31 11:49:30
92104,80,6988,76,3,6,10,not,2021-03-31 11:52:41
92104,60,8900,90,3,6,11,not,2021-03-31 11:53:24
92104,60,8587.5,87.5,3,6,12,not,2021-03-31 11:55:37
92104,50,9450,95,3,6,13,not,2021-03-31 11:57:43
92104,80,9100,100,3,6,14,not,2021-03-31 12:00:05
92104,60,8250,85,3,6,15,not,2021-03-31 12:01:44
92104,65,9587.5,97.5,3,6,16,not,2021-03-31 12:03:49
92104,70,9600,100,3,6,17,not,2021-03-31 12:05:30
92104,75,8535.5,88.5,3,6,18,not,2021-03-31 12:08:32
92104,75,9375,100,3,6,19,not,2021-03-31 12:10:45
92104,85,8575,95,3,6,20,not,2021-03-31 12:11:32
92257,50,,,,3,1,assortatively,2021-03-31 11:32:04
92509,60,,,,3,1,assortatively,2021-03-31 11:30:52
92509,70,4109.5,60.5,3,5,2,assortatively,2021-03-31 11:35:34
92509,66,7434,79,3,6,3,assortatively,2021-03-31 11:37:34
92509,60,5700,70,3,5,4,assortatively,2021-03-31 11:39:28
92509,63,4465.5,63.5,3,2,5,assortatively,2021-03-31 11:41:26
92509,60,4975.5,66.5,3,4,6,assortatively,2021-03-31 11:43:30
92509,50,3562,63,3,2,7,assortatively,2021-03-31 11:45:29
92509,55,905.5,51.5,3,1,8,assortatively,2021-03-31 11:47:33
92509,50,1589.5,55.5,3,2,9,assortatively,2021-03-31 11:49:20
92509,55,655.46875,50.625,3,1,10,assortatively,2021-03-31 11:51:27
92509,51,541.5,51.5,3,2,11,assortatively,2021-03-31 11:53:39
92509,50,1025.5,53.5,3,1,12,assortatively,2021-03-31 11:55:30
92509,50,334.96875,51.125,3,1,13,assortatively,2021-03-31 11:57:36
92509,50,2570.96875,59.125,3,1,14,assortatively,2021-03-31 11:59:30
92509,62,1056,50,3,0,15,assortatively,2021-03-31 12:01:34
92509,53,1260.46875,53.375,3,2,16,assortatively,2021-03-31 12:03:40
92509,52,5530,71,3,2,17,assortatively,2021-03-31 12:05:21
92509,50,37.46875,50.125,3,1,18,assortatively,2021-03-31 12:07:55
92509,53,619.21875,51.125,3,1,19,assortatively,2021-03-31 12:09:33
92509,50,298,51,3,2,20,assortatively,2021-03-31 12:11:23
93037,50,,,,4,1,assortatively,2021-03-31 11:30:49
93037,50,1450,55,3,0,2,assortatively,2021-03-31 11:36:01
93037,100,4300,60,3,2,3,assortatively,2021-03-31 11:37:36
93037,75,7307,78,3,6,4,assortatively,2021-03-31 11:39:58
93037,70,6605.5,73.5,3,5,5,assortatively,2021-03-31 11:41:34
93037,70,6522,73,3,5,6,assortatively,2021-03-31 11:43:42
93037,65,6063,71,3,5,7,assortatively,2021-03-31 11:45:31
93037,70,4848,64,3,3,8,assortatively,2021-03-31 11:47:30
93037,70,4949.5,64.5,3,4,9,assortatively,2021-03-31 11:49:39
93037,75,4885.5,63.5,3,5,10,assortatively,2021-03-31 11:51:22
93037,75,6799.5,74.5,3,6,11,assortatively,2021-03-31 11:53:33
93037,75,8229.5,85.5,3,6,12,assortatively,2021-03-31 11:55:32
93037,75,6325.5,71.5,3,5,13,assortatively,2021-03-31 11:57:27
93037,79,6859,75,3,6,14,assortatively,2021-03-31 11:59:24
93037,80,6653.71875,73.625,3,6,15,assortatively,2021-03-31 12:01:51
93037,75,6645.5,73.5,3,6,16,assortatively,2021-03-31 12:03:57
93037,75,6567,73,3,6,17,assortatively,2021-03-31 12:05:52
93037,75,6799.5,74.5,3,5,18,assortatively,2021-03-31 12:07:42
93037,70,6929.5,75.5,3,5,19,assortatively,2021-03-31 12:09:30
93037,70,6000,70,3,3,20,assortatively,2021-03-31 12:11:35
93480,51,,,,0,1,assortatively,2021-03-31 11:30:38
93480,64,1740,52,3,4,2,assortatively,2021-03-31 11:35:28
93480,53,2449.375,57.75,3,5,3,assortatively,2021-03-31 11:37:37
93480,58,5305.5,68.5,3,2,4,assortatively,2021-03-31 11:39:37
93480,62,4528,64,3,2,5,assortatively,2021-03-31 11:41:35
93480,60,3258,59,3,3,6,assortatively,2021-03-31 11:44:05
93480,67,2567.5,54.5,3,2,7,assortatively,2021-03-31 11:46:00
93480,58,4986,67,3,4,8,assortatively,2021-03-31 11:47:30
93480,61,979,50,3,2,9,assortatively,2021-03-31 11:49:42
93480,62,4746,65,3,3,10,assortatively,2021-03-31 11:51:21
93480,68,7738,81,3,4,11,assortatively,2021-03-31 11:53:50
93480,73,5695,68,3,4,12,assortatively,2021-03-31 11:55:58
93480,71,6617.5,73.5,3,5,13,assortatively,2021-03-31 11:57:47
93480,81,6019.5,69.5,3,4,14,assortatively,2021-03-31 11:59:26
93480,77,6889.21875,75.125,3,6,15,assortatively,2021-03-31 12:01:22
93480,79,6337.5,71.5,3,6,16,assortatively,2021-03-31 12:03:48
93480,74,6641.5,73.5,3,6,17,assortatively,2021-03-31 12:05:31
93480,74,6874,75,3,5,18,assortatively,2021-03-31 12:08:10
93480,78,6337.5,71.5,3,5,19,assortatively,2021-03-31 12:09:20
93480,88,7943.5,75,2,6,20,assortatively,2021-03-31 12:11:25
94738,50,,,,1,1,not,2021-03-31 11:30:41
94738,50.25,5214.9375,70,3,7,2,not,2021-03-31 11:35:35
94738,60,1587.5,52.5,3,7,3,not,2021-03-31 11:37:33
94738,80,5250,65,3,7,4,not,2021-03-31 11:39:40
94738,50,2800,60,3,7,5,not,2021-03-31 11:41:29
94738,50,0,50,3,7,6,not,2021-03-31 11:43:43
94738,52,923.5,52.5,3,7,7,not,2021-03-31 11:45:39
94738,50,445.5,51.5,3,7,8,not,2021-03-31 11:47:57
94738,50,882,53,3,7,9,not,2021-03-31 11:49:47
94738,50,0,50,3,7,10,not,2021-03-31 11:51:30
94738,50,737.5,52.5,3,7,11,not,2021-03-31 11:53:27
94738,50.75,74.4375,50,3,7,12,not,2021-03-31 11:55:28
94738,53.75,397.46875,50.125,3,7,13,not,2021-03-31 11:57:29
94738,61.75,1036.9375,50,3,7,14,not,2021-03-31 11:59:32
94738,62.75,1146.71875,50.125,3,7,15,not,2021-03-31 12:01:38
94738,51.5,147.75,50,3,7,16,not,2021-03-31 12:03:53
94738,52.25,256.84375,50.125,3,7,17,not,2021-03-31 12:05:44
94738,54.25,406.9375,50,3,7,18,not,2021-03-31 12:07:44
94738,73.5,1829.34375,50.125,3,7,19,not,2021-03-31 12:09:42
94738,100,5050,65,3,7,20,not,2021-03-31 12:11:37
98200,55,,,,6,1,not,2021-03-31 11:30:52
98200,60,4677.46875,65.125,3,7,2,not,2021-03-31 11:35:33
98200,50,2137.5,57.5,3,7,3,not,2021-03-31 11:37:50
98200,80,5250,65,3,7,4,not,2021-03-31 11:39:34
98200,70,1600,50,3,7,5,not,2021-03-31 11:41:42
98200,50,0,50,3,7,6,not,2021-03-31 11:44:07
98200,55,763,51,3,7,7,not,2021-03-31 11:45:39
98200,53,291,50,3,7,8,not,2021-03-31 11:47:55
98200,56,564,50,3,7,9,not,2021-03-31 11:49:33
98200,50,0,50,3,7,10,not,2021-03-31 11:51:26
98200,55,475,50,3,7,11,not,2021-03-31 11:53:35
98200,50,112.21875,50.375,3,7,12,not,2021-03-31 11:55:28
98200,50.25,579.46875,51.875,3,7,13,not,2021-03-31 11:58:01
98200,50,1693.46875,55.875,3,7,14,not,2021-03-31 11:59:41
98200,50.25,1852.96875,56.375,3,7,15,not,2021-03-31 12:01:25
98200,50,223.875,50.75,3,7,16,not,2021-03-31 12:03:40
98200,50.25,359.34375,51.125,3,7,17,not,2021-03-31 12:05:33
98200,50,628.46875,52.125,3,7,18,not,2021-03-31 12:07:46
98200,50.25,3267.9375,61.75,3,7,19,not,2021-03-31 12:09:30
98200,80,6850,75,3,7,20,not,2021-03-31 12:11:40
99237,70,,,,2,1,not,2021-03-31 11:33:32
99237,80,3277.46875,55.125,3,7,2,not,2021-03-31 11:36:23
99237,55,1875,55,3,7,3,not,2021-03-31 11:37:37
99237,50,7200,80,3,7,4,not,2021-03-31 11:39:32
99237,50,2800,60,3,7,5,not,2021-03-31 11:41:39
99237,50,0,50,3,7,6,not,2021-03-31 11:43:51
99237,50,1025.5,53.5,3,7,7,not,2021-03-31 11:45:42
99237,50,445.5,51.5,3,7,8,not,2021-03-31 11:48:03
99237,50,882,53,3,7,9,not,2021-03-31 11:49:25
99237,50,0,50,3,7,10,not,2021-03-31 11:51:52
99237,50,737.5,52.5,3,7,11,not,2021-03-31 11:53:30
99237,50,112.21875,50.375,3,7,12,not,2021-03-31 11:55:29
99237,50,592,52,3,7,13,not,2021-03-31 11:57:53
99237,50,1693.46875,55.875,3,7,14,not,2021-03-31 11:59:29
99237,50,1865.5,56.5,3,7,15,not,2021-03-31 12:01:23
99237,50,223.875,50.75,3,7,16,not,2021-03-31 12:03:22
99237,50,371.875,51.25,3,7,17,not,2021-03-31 12:05:55
99237,50,628.46875,52.125,3,7,18,not,2021-03-31 12:07:30
99237,50,3280.46875,61.875,3,7,19,not,2021-03-31 12:09:55
99237,50,8800,90,3,7,20,not,2021-03-31 12:11:25
